;brand;model;price (eur);engine;year;mileage (kms);fuel;gearbox;location
0;SEAT;Ibiza;8990;2.3;2016;67000;Gasolina;Manual;Granollers
1;Hyundai;i30;9990;4.4;2014;104868;Diésel;Manual;Viladecans
2;BMW;Serie 5;13490;4.5;2011;137566;Diésel;Automatica;Viladecans
3;Volkswagen;Golf;24990;4.1;2018;44495;Gasolina;Manual;Viladecans
4;Opel;Corsa;10460;2.6;2016;69800;Gasolina;Manual;Sabadell 1
5;SEAT;Ibiza;8490;2.4;2014;114295;Gasolina;Manual;Granollers
6;Jeep;Wrangler;23990;4.0;2011;103000;Gasolina;Automatica;Granollers
7;Kia;Sportage;14990;5.3;2017;81999;Gasolina;Manual;Gavá
8;Land;Rover Discovery Sport;19490;5.7;2017;148575;Diésel;Manual;Gavá
9;SEAT;Leon;21990;1.5;2020;18999;Híbrido;Automatica;Gavá
10;Nissan;Micra;9990;1.8;2017;73633;Gasolina;Manual;Mataró
11;Fiat;Doblò;9990;5.7;2015;110642;Diésel;Manual;Mataró
12;BMW;Serie 1;25490;4.7;2019;27985;Gasolina;Automatica;Mataró
13;SEAT;Leon;23990;5.4;2018;40250;Gasolina;Automatica;Mataró
14;Ford;Focus;14490;2.0;2019;99958;Gasolina;Manual;Mataró
15;Citroen;C4 Cactus;9990;3.9;2015;62750;Gasolina;Manual;Mataró
16;Toyota;C-HR;17990;4.5;2018;66000;Híbrido;Automatica;Mataró
17;Toyota;Yaris;12990;4.4;2019;26073;Gasolina;Manual;Mataró
18;Hyundai;i30;13490;3.0;2018;69317;Gasolina;Manual;Mataró
19;Volkswagen;Touran;18490;1.1;2016;46993;Diésel;Manual;Sabadell 2
20;BMW;Serie 3;15990;3.9;2014;118200;Diésel;Manual;Sabadell 2
21;SEAT;Ibiza;10490;2.3;2016;99898;Gasolina;Manual;Mataró
22;Peugeot;208;10460;3.3;2016;109252;Diésel;Manual;Sabadell 1
23;Dacia;Duster;12880;5.7;2018;44503;Gasolina;Manual;Sabadell 1
24;SEAT;Ibiza;16820;5.4;2018;19800;Gasolina;Manual;Sabadell 1
25;Toyota;Rav4;9950;1.5;2011;192000;Diésel;Manual;Sabadell 1
26;Mini;Paceman;14980;3.0;2015;101000;Diésel;Automatica;Sabadell 1
27;BMW;Serie 3;11380;3.8;2014;194000;Diésel;Manual;Sabadell 1
28;Peugeot;3008;9990;3.5;2012;99738;Diésel;Manual;Esplugas
29;Renault;Clio;12990;2.0;2019;24506;Gasolina;Manual;Esplugas
30;Citroen;C3;13490;5.3;2021;2546;Gasolina;Manual;Esplugas
31;Toyota;Verso;10490;4.4;2016;178807;Diésel;Manual;Esplugas
32;Subaru;XV;13990;5.2;2015;110096;Gasolina;Automatica;Esplugas
33;Ford;Tourneo Courier;12990;5.3;2016;96652;Gasolina;Manual;Esplugas
34;Peugeot;2008;12990;4.7;2016;83400;Gasolina;Manual;Sabadell 2
35;Ford;Transit Connect;12490;3.2;2014;126400;Diésel;Manual;Sabadell 2
36;Opel;Grandland X;17990;4.1;2019;42368;Gasolina;Manual;Gavá
37;BMW;Serie 4;57990;1.8;2018;28999;Gasolina;Automatica;Gavá
38;Audi;A4;16490;4.6;2015;123253;Diésel;Automatica;Gavá
39;Volkswagen;Transporter;17990;1.0;2015;122500;Diésel;Manual;Sabadell 2
40;Volkswagen;Golf;18990;3.9;2018;39245;Gasolina;Automatica;Gavá
41;Peugeot;Partner;12990;4.1;2015;117417;Diésel;Manual;Gavá
42;Citroen;C3 Picasso;11490;4.2;2017;78453;Gasolina;Manual;Gavá
43;SEAT;Ibiza;12990;2.2;2019;16000;Gasolina;Manual;Gavá
44;Opel;Mokka X;17490;4.6;2019;56900;Gasolina;Manual;Hospitalet
45;Nissan;JUKE;8490;1.5;2013;152100;Diésel;Manual;Hospitalet
46;Mercedes;Benz Clase A;20990;2.0;2018;69500;Gasolina;Manual;Hospitalet
47;Volkswagen;Golf;17490;5.4;2019;77900;Gasolina;Manual;Hospitalet
48;Volkswagen;Touran;13490;4.7;2013;99990;Diésel;Automatica;Esplugas
49;Opel;Crossland X;15490;1.1;2019;67100;Gasolina;Manual;Hospitalet
50;Mercedes;Benz Clase SLK;19490;2.2;2011;72000;Gasolina;Manual;Hospitalet
51;Nissan;Qashqai;18990;2.1;2018;33150;Gasolina;Automatica;Sabadell 2
52;Kia;Ceed Tourer;18960;2.4;2019;32360;Gasolina;Manual;Sabadell 1
53;Mazda;Mazda3;18890;2.2;2018;29230;Gasolina;Manual;Sabadell 1
54;BMW;Serie 2 Active Tourer;14970;1.3;2016;160000;Diésel;Manual;Sabadell 1
55;SEAT;Ibiza;10570;3.3;2016;86528;Gasolina;Manual;Sabadell 1
56;Mazda;CX-5;27990;4.7;2021;15000;Gasolina;Manual;Hospitalet
57;SEAT;Ibiza;12990;4.0;2017;42700;Gasolina;Manual;Mataró
58;Fiat;Panda;7990;4.4;2016;50000;Gasolina;Manual;Hospitalet
59;SEAT;Leon;11490;1.4;2017;128000;Diésel;Manual;Hospitalet
60;Opel;Astra;15490;5.8;2020;7500;Gasolina;Manual;Hospitalet
61;SEAT;Leon;8990;5.2;2012;146000;Gasolina;Manual;Hospitalet
62;Mercedes;Benz Clase E;30490;5.0;2018;97164;Diésel;Automatica;Viladecans
63;Citroen;C3;11990;5.1;2018;29513;Gasolina;Manual;Viladecans
64;Renault;Clio;8990;5.7;2014;55315;Gasolina;Manual;Viladecans
65;SEAT;Toledo;12990;3.7;2018;20253;Gasolina;Manual;Mataró
66;Toyota;Yaris;15990;2.0;2020;19700;Híbrido;Automatica;Badalona
67;Ford;S-Max;9990;4.1;2012;100500;Diésel;Automatica;Badalona
68;Fiat;500;8990;4.7;2016;80000;Gasolina;Manual;Badalona
69;Volkswagen;Tiguan;13990;4.7;2015;99265;Diésel;Manual;Badalona
70;Lexus;CT;18490;3.6;2018;43909;Híbrido;Automatica;Esplugas
71;BMW;X4;26990;1.3;2017;187000;Diésel;Automatica;Sabadell 3
72;BMW;Serie 3;18990;2.9;2017;126000;Diésel;Automatica;Sabadell 3
73;Audi;Q5;30490;5.6;2017;122593;Diésel;Automatica;Sabadell 2
74;Ford;Kuga;14490;3.9;2016;81320;Diésel;Manual;Sabadell 2
75;Ford;Kuga;16490;3.7;2017;42900;Diésel;Manual;Sabadell 2
76;Ford;Fiesta;13490;2.3;2019;38950;Gasolina;Manual;Sabadell 2
77;Nissan;Qashqai;13990;2.8;2014;54956;Diésel;Manual;Esplugas
78;Citroen;C4;5990;5.5;2012;199990;Diésel;Manual;Esplugas
79;Renault;Captur;14790;4.3;2019;23500;Gasolina;Manual;Granollers
80;SEAT;Ibiza;10490;4.9;2017;95500;Gasolina;Manual;Sabadell 2
81;SEAT;Leon;22990;3.3;2017;64100;Gasolina;Manual;Sabadell 2
82;BMW;X1;20990;4.2;2016;116387;Diésel;Automatica;Mataró
83;Toyota;C-HR;16990;2.2;2017;99658;Híbrido;Automatica;Mataró
84;Kia;Sportage;21990;4.5;2018;23400;Gasolina;Automatica;Badalona
85;Mercedes;Benz Clase GLA;24490;3.1;2016;83100;Diésel;Automatica;Granollers
86;Renault;Clio;9490;3.2;2016;130300;Diésel;Manual;Granollers
87;Renault;Espace;18990;4.2;2017;105000;Diésel;Automatica;Granollers
88;Opel;Mokka X;16990;5.7;2019;53405;Gasolina;Manual;Gavá
89;Kia;Optima;19990;1.3;2016;88884;Diésel;Automatica;Gavá
90;Opel;Astra;12990;5.1;2017;66515;Diésel;Manual;Gavá
91;Audi;Q3;22990;2.5;2018;57425;Diésel;Manual;Gavá
92;Peugeot;3008;18990;3.2;2018;106350;Gasolina;Manual;Gavá
93;Audi;A1;15990;1.1;2016;37308;Gasolina;Manual;Viladecans
94;Mercedes;Benz Clase A;14990;2.5;2015;153501;Diésel;Manual;Mataró
95;Volkswagen;Polo;9990;3.5;2015;46347;Gasolina;Manual;Viladecans
96;Volvo;V40;15990;1.3;2018;76086;Gasolina;Manual;Viladecans
97;Citroen;C-Elysée;11990;3.5;2019;47196;Diésel;Manual;Viladecans
98;Audi;A4;18490;5.6;2016;118173;Diésel;Automatica;Viladecans
99;Mitsubishi;Outlander;9490;1.5;2011;170000;Diésel;Automatica;Granollers
100;Land;Rover Discovery Sport;33990;4.8;2019;65950;Diésel;Automatica;Hospitalet
101;SEAT;Ibiza;9490;3.0;2013;94500;Diésel;Manual;Mataró
102;SEAT;Arona;15770;4.3;2019;44158;Gasolina;Manual;Sabadell 1
103;Alfa;Romeo Giulietta;7670;2.3;2011;125739;Diésel;Manual;Sabadell 1
104;Toyota;Yaris;10260;1.8;2016;77977;Gasolina;Manual;Sabadell 1
105;Toyota;Verso;10370;1.8;2015;129460;Diésel;Manual;Sabadell 1
106;Opel;Corsa;10120;1.4;2018;25200;Gasolina;Manual;Sabadell 1
107;Ford;Focus;16990;1.9;2020;34100;Gasolina;Manual;Sabadell 3
108;Audi;A7;20990;4.3;2014;216107;Diésel;Automatica;Sabadell 3
109;Ford;Focus;12490;5.4;2017;102000;Diésel;Manual;Sabadell 3
110;Hyundai;i20;13290;5.1;2019;33832;Gasolina;Manual;Mataró
111;Fiat;Tipo;8990;4.4;2017;50500;Gasolina;Manual;Sabadell 3
112;Opel;Astra;8990;1.6;2015;114400;Diésel;Manual;Sabadell 3
113;SEAT;Leon;18330;2.4;2018;26000;Gasolina;Manual;Sabadell 1
114;Renault;Kangoo Furgón;14430;2.5;2020;25100;Diésel;Manual;Sabadell 1
115;Dacia;Sandero;10150;2.2;2015;31000;Diésel;Manual;Sabadell 1
116;Citroen;C4 Picasso;11490;3.6;2014;120000;Diésel;Automatica;Sabadell 3
117;Renault;Clio 4;8990;3.7;2016;110000;Gasolina;Manual;Sabadell 3
118;Audi;A3;11430;2.8;2014;97000;Diésel;Manual;Sabadell 1
119;Dacia;Dokker;10680;2.8;2020;32600;Diésel;Manual;Sabadell 1
120;Peugeot;5008;24990;5.1;2018;80995;Diésel;Automatica;Granollers
121;Volkswagen;T-Cross;23990;4.9;2020;12100;Gasolina;Automatica;Hospitalet
122;SEAT;Ibiza;8990;2.5;2017;39100;Gasolina;Manual;Hospitalet
123;Kia;Sportage;15990;5.6;2017;18000;Gasolina;Manual;Hospitalet
124;Opel;Astra;9990;5.8;2015;48000;Gasolina;Manual;Hospitalet
125;Ford;Ka+;9990;2.6;2017;26400;Gasolina;Manual;Sabadell 2
126;Citroen;C3 Aircross;15990;2.8;2021;8450;Gasolina;Manual;Sabadell 2
127;Jaguar;F-Pace;26990;3.5;2016;65244;Diésel;Automatica;Esplugas
128;Mini;Mini;11990;5.7;2016;54870;Gasolina;Manual;Esplugas
129;Kia;Ceed;8490;5.4;2016;173127;Diésel;Manual;Esplugas
130;Citroen;C4 Picasso;11490;1.5;2016;70528;Diésel;Manual;Esplugas
131;Toyota;Yaris;5990;3.0;2012;144437;Diésel;Manual;Esplugas
132;SEAT;Arona;14990;3.8;2017;32760;Gasolina;Manual;Sabadell 2
133;Peugeot;2008;14990;3.5;2018;96970;Diésel;Manual;Sabadell 2
134;Land;Rover Discovery Sport;22990;2.0;2017;82800;Diésel;Manual;Sabadell 2
135;Ford;Kuga;10990;5.3;2014;176400;Gasolina;Manual;Sabadell 2
136;Citroen;C4 Picasso;15990;4.4;2017;53160;Gasolina;Manual;Sabadell 2
137;BMW;Serie 1;11990;5.2;2013;158000;Diésel;Manual;Granollers
138;Land;Rover Range Rover Evoque;22990;5.3;2015;112000;Diésel;Automatica;Granollers
139;Ford;C-Max;10990;4.7;2015;120597;Gasolina;Manual;Esplugas
140;Abarth;500;16990;3.2;2017;69000;Gasolina;Automatica;Mataró
141;Hyundai;Tucson;17730;4.1;2017;98000;Diésel;Manual;Sabadell 1
142;Toyota;Avensis;11970;1.8;2015;97800;Diésel;Manual;Sabadell 1
143;SEAT;Arona;14990;4.4;2018;42591;Gasolina;Manual;Viladecans
144;Opel;Mokka;10990;1.9;2013;78000;Diésel;Manual;Mataró
145;Renault;Kadjar;15990;4.5;2017;84300;Diésel;Manual;Sabadell 3
146;SEAT;Ateca;25990;2.1;2019;53000;Diésel;Manual;Badalona
147;Volkswagen;Touran;22490;1.6;2017;23000;Diésel;Manual;Sabadell 3
148;Kia;Sportage;16490;1.8;2018;55600;Gasolina;Manual;Sabadell 3
149;Toyota;C-HR;15990;1.0;2017;134000;Híbrido;Automatica;Sabadell 3
150;BMW;X3;22990;4.6;2016;96700;Diésel;Manual;Sabadell 3
151;Suzuki;SX4 S-Cross;13490;4.7;2017;79000;Gasolina;Manual;Sabadell 3
152;Nissan;X-Trail;15880;3.6;2015;144000;Diésel;Manual;Sabadell 1
153;SEAT;Leon;13270;1.8;2017;169000;Gasolina;Manual;Sabadell 1
154;SEAT;Arona;14490;1.4;2018;95947;Gasolina;Manual;Mataró
155;SEAT;Ibiza;9990;1.1;2015;67600;Diésel;Manual;Viladecans
156;Mercedes;Benz Clase CLA;24990;1.8;2016;74580;Diésel;Automatica;Mataró
157;Nissan;Qashqai;15990;5.5;2017;34620;Gasolina;Manual;Mataró
158;Peugeot;3008;18990;2.2;2019;131900;Gasolina;Manual;Sabadell 2
159;Jeep;Renegade;16990;2.8;2018;61970;Gasolina;Manual;Sabadell 2
160;Audi;A1;12490;1.5;2015;109450;Gasolina;Manual;Sabadell 2
161;Nissan;NV250;22990;2.1;2021;1258;Diésel;Manual;Viladecans
162;Nissan;Qashqai;13490;3.6;2014;143866;Diésel;Manual;Viladecans
163;Hyundai;Kona;19490;4.0;2021;11757;Gasolina;Manual;Viladecans
164;Volkswagen;Polo;13990;2.2;2018;73000;Gasolina;Manual;Granollers
165;Nissan;X-Trail;16990;1.3;2015;165000;Diésel;Manual;Granollers
166;Kia;ProCeed;18990;3.0;2016;80000;Gasolina;Manual;Badalona
167;SEAT;Leon;14990;2.2;2019;70665;Gasolina;Manual;Badalona
168;Nissan;Micra;11990;2.1;2019;21017;Gasolina;Manual;Badalona
169;Peugeot;308;9990;5.8;2015;90500;Diésel;Manual;Badalona
170;Mazda;Mazda6;12990;4.1;2016;170000;Diésel;Automatica;Granollers
171;Hyundai;i30;14990;3.8;2018;35400;Gasolina;Manual;Granollers
172;Peugeot;5008;11990;3.1;2016;106000;Diésel;Manual;Granollers
173;Renault;Clio;16490;3.1;2020;6425;Gasolina;Automatica;Sabadell 2
174;Opel;Vivaro;15990;3.7;2016;53600;Diésel;Manual;Sabadell 2
175;Ford;EcoSport;14490;4.5;2018;29213;Gasolina;Manual;Sabadell 2
176;BMW;Serie 5;11490;4.5;2011;199600;Diésel;Manual;Sabadell 2
177;Audi;A3;12990;1.9;2014;159782;Diésel;Manual;Sabadell 2
178;Ford;Fiesta;10990;3.5;2017;90378;Gasolina;Manual;Gavá
179;Nissan;Micra;10990;3.1;2018;23462;Gasolina;Manual;Mataró
180;Kia;Ceed;19990;5.4;2018;28096;Gasolina;Manual;Gavá
181;Toyota;Verso;14990;4.2;2016;98861;Diésel;Manual;Gavá
182;Dacia;Sandero;9990;3.7;2016;97756;Gasolina;Manual;Gavá
183;Hyundai;i30;14490;1.6;2017;56294;Diésel;Manual;Esplugas
184;Renault;Megane;17990;4.0;2020;33375;Gasolina;Automatica;Esplugas
185;Mercedes;Benz Clase A;14990;1.6;2013;90270;Diésel;Automatica;Esplugas
186;Ford;Puma;18990;2.7;2020;2584;Híbrido;Manual;Esplugas
187;Audi;A1;15290;1.7;2015;111793;Gasolina;Automatica;Esplugas
188;Fiat;500;10990;4.5;2018;58000;Gasolina;Manual;Granollers
189;Hyundai;Tucson;24990;2.0;2020;8320;Gasolina;Manual;Mataró
190;Nissan;NV200;11280;3.0;2016;189000;Diésel;Manual;Sabadell 1
191;Volkswagen;Golf;18960;5.5;2016;85000;Diésel;Automatica;Sabadell 1
192;Mercedes;Benz Clase CLA;16980;2.0;2014;144000;Diésel;Manual;Sabadell 1
193;SEAT;Ibiza;12350;3.5;2016;56000;Gasolina;Manual;Sabadell 1
194;Opel;Astra;10980;3.1;2016;155000;Diésel;Automatica;Sabadell 1
195;SEAT;Arona;15490;1.1;2017;55630;Gasolina;Manual;Hospitalet
196;Ssangyong;REXTON;12990;5.0;2013;92311;Diésel;Manual;Hospitalet
197;Renault;Kangoo;10990;1.3;2018;140000;Diésel;Manual;Hospitalet
198;Ford;Tourneo Courier;12490;3.4;2018;105000;Diésel;Manual;Badalona
199;Audi;S5;19990;3.8;2011;156230;Gasolina;Automatica;Mataró
200;BMW;Serie 5;14490;4.1;2013;142121;Diésel;Manual;Esplugas
201;Mitsubishi;Outlander;23990;4.4;2018;77700;Híbrido;Automatica;Sabadell 3
202;Toyota;Verso;9990;2.3;2013;135800;Diésel;Manual;Sabadell 3
203;Peugeot;308;10990;1.0;2016;116800;Diésel;Manual;Sabadell 3
204;Mazda;Mazda3;12990;4.6;2016;101300;Diésel;Manual;Sabadell 3
205;Kia;Niro;19490;3.7;2019;42000;Híbrido;Automatica;Sabadell 3
206;Opel;Mokka;10990;5.2;2014;90000;Diésel;Manual;Sabadell 3
207;Mercedes;Benz Clase GLK;14990;5.1;2014;173170;Diésel;Manual;Sabadell 3
208;Suzuki;Baleno;10990;5.2;2017;56000;Gasolina;Manual;Sabadell 3
209;SEAT;Exeo;9990;3.4;2013;112200;Diésel;Manual;Sabadell 3
210;Jeep;Renegade;14490;2.7;2018;52400;Gasolina;Manual;Sabadell 3
211;Toyota;Yaris;9990;5.0;2017;95200;Gasolina;Manual;Sabadell 3
212;Renault;Megane;15990;3.3;2017;55603;Gasolina;Manual;Esplugas
213;SEAT;Arona;14990;1.9;2018;43451;Gasolina;Manual;Esplugas
214;Jeep;Compass;20490;5.3;2019;26200;Gasolina;Manual;Esplugas
215;SEAT;Leon;15990;5.4;2014;143065;Diésel;Automatica;Esplugas
216;Peugeot;2008;14990;3.3;2018;86700;Gasolina;Automatica;Granollers
217;SEAT;Tarraco;25990;1.4;2019;25000;Gasolina;Manual;Granollers
218;Mazda;CX-3;16490;2.9;2018;78600;Gasolina;Manual;Granollers
219;SEAT;Leon;18490;5.0;2018;86390;Diésel;Automatica;Sabadell 2
220;SEAT;Ibiza;11990;5.5;2017;55195;Gasolina;Manual;Sabadell 2
221;Peugeot;208;9490;2.0;2016;68720;Gasolina;Manual;Sabadell 2
222;Renault;Megane;14990;1.3;2018;110150;Diésel;Manual;Sabadell 2
223;BMW;X5;27990;5.4;2016;195000;Diésel;Automatica;Sabadell 2
224;BMW;Serie 4;24990;2.9;2017;94370;Diésel;Automatica;Sabadell 2
225;Opel;Astra;11490;3.7;2016;103056;Diésel;Manual;Hospitalet
226;Volkswagen;T-Roc;21430;5.8;2021;15600;Gasolina;Manual;Sabadell 1
227;Mercedes;Benz Clase C;29950;1.3;2018;65700;Diésel;Automatica;Sabadell 1
228;Jeep;Compass;24410;4.2;2019;7000;Diésel;Automatica;Sabadell 1
229;Opel;Combo Tour;10930;1.4;2017;102000;Diésel;Manual;Sabadell 1
230;Mini;Countryman;14470;2.9;2013;154000;Diésel;Automatica;Sabadell 1
231;Honda;CR-V;16210;5.0;2016;92000;Diésel;Manual;Sabadell 1
232;Jeep;Renegade;16250;3.2;2019;102000;Gasolina;Manual;Sabadell 1
233;Ford;Focus;19990;6.0;2019;53400;Gasolina;Automatica;Hospitalet
234;Hyundai;ix35;12990;3.8;2014;56800;Diésel;Manual;Badalona
235;Land;Rover Range Rover Evoque;48990;2.6;2019;33703;Híbrido;Automatica;Gavá
236;BMW;Serie 4;24990;2.1;2017;37197;Diésel;Manual;Gavá
237;BMW;Serie 3;20490;2.8;2017;37833;Diésel;Automatica;Gavá
238;Kia;Sportage;13990;2.9;2016;137000;Gasolina;Manual;Gavá
239;Nissan;JUKE;9990;1.3;2013;123500;Gasolina;Manual;Gavá
240;Hyundai;i30;11490;2.8;2017;65000;Gasolina;Manual;Badalona
241;Peugeot;208;11990;3.3;2018;17600;Gasolina;Manual;Badalona
242;Peugeot;208;6990;4.6;2012;102762;Gasolina;Manual;Badalona
243;Citroen;C4 Cactus;12990;4.3;2017;24000;Gasolina;Manual;Sabadell 3
244;Porsche;Cayenne;28380;4.5;2013;122000;Diésel;Automatica;Sabadell 1
245;Audi;A3;25330;1.0;2019;63500;Gasolina;Automatica;Sabadell 1
246;Toyota;Auris;10880;2.1;2014;122800;Diésel;Manual;Sabadell 1
247;Peugeot;3008;21490;4.3;2018;93380;Diésel;Automatica;Sabadell 2
248;Audi;A1;12990;3.4;2015;85700;Gasolina;Manual;Sabadell 2
249;SEAT;Ibiza;11990;1.0;2015;56455;Gasolina;Manual;Mataró
250;Mercedes;Benz Clase C;23990;5.0;2015;144100;Diésel;Automatica;Mataró
251;Audi;A1;15490;4.9;2016;113000;Diésel;Manual;Granollers
252;Kia;Picanto;8680;3.7;2017;65600;Gasolina;Manual;Sabadell 1
253;Citroen;C4;10490;1.3;2016;120000;Diésel;Manual;Sabadell 1
254;Renault;Captur;21990;4.8;2020;3300;Gasolina;Automatica;Granollers
255;Citroen;Berlingo;7490;3.9;2012;160000;Diésel;Manual;Granollers
256;Citroen;DS3;8490;4.9;2014;150075;Gasolina;Manual;Esplugas
257;Land;Rover Range Rover Evoque;23990;4.8;2015;75756;Diésel;Automatica;Esplugas
258;Ford;Ka+;10490;5.0;2019;40843;Gasolina;Manual;Esplugas
259;Nissan;Qashqai;10990;3.6;2011;138550;Diésel;Manual;Esplugas
260;Citroen;C5 Aircross;23990;1.7;2021;27200;Diésel;Manual;Esplugas
261;Jaguar;F-Pace;28990;4.4;2016;82000;Diésel;Automatica;Badalona
262;Opel;Crossland X;15490;4.1;2019;66500;Gasolina;Manual;Hospitalet
263;BMW;Serie 3;16990;4.7;2016;132450;Diésel;Manual;Hospitalet
264;SEAT;Ibiza;9290;1.8;2015;122800;Gasolina;Manual;Sabadell 2
265;Mitsubishi;ASX;15990;2.0;2018;60000;Gasolina;Manual;Granollers
266;Peugeot;308;14990;5.5;2017;88300;Diésel;Automatica;Sabadell 2
267;Dacia;Sandero;7990;4.7;2016;45190;Gasolina;Manual;Sabadell 2
268;Jaguar;F-Pace;41990;5.5;2016;53995;Diésel;Automatica;Mataró
269;Toyota;Yaris;11990;4.8;2019;28392;Gasolina;Manual;Mataró
270;Mini;Countryman;23990;4.0;2018;40900;Diésel;Manual;Hospitalet
271;Ford;Tourneo Courier;10990;4.3;2015;121846;Diésel;Manual;Mataró
272;Land;Rover Range Rover Evoque;39990;5.4;2017;32703;Gasolina;Automatica;Mataró
273;Kia;Carens;13990;3.9;2016;62900;Diésel;Manual;Hospitalet
274;Mini;Mini;14990;4.2;2017;113275;Diésel;Manual;Hospitalet
275;Peugeot;208;10990;1.8;2017;58323;Diésel;Manual;Gavá
276;Peugeot;308;12990;3.4;2018;82172;Diésel;Manual;Gavá
277;SEAT;Arona;14990;4.6;2018;81533;Gasolina;Manual;Gavá
278;Toyota;C-HR;19990;2.4;2018;51520;Híbrido;Automatica;Gavá
279;Volkswagen;Passat CC;16990;2.0;2015;140927;Diésel;Automatica;Viladecans
280;Citroen;C-Elysée;11990;2.6;2018;51712;Diésel;Manual;Viladecans
281;Ford;Fiesta;8990;2.2;2016;64175;Gasolina;Manual;Viladecans
282;Audi;A5;15490;2.1;2014;179383;Diésel;Automatica;Viladecans
283;SEAT;Ibiza;12990;3.1;2017;17561;Gasolina;Manual;Viladecans
284;Volkswagen;Polo;11990;5.5;2015;95677;Gasolina;Automatica;Mataró
285;SEAT;Ibiza;12990;3.5;2018;60000;Gasolina;Manual;Sabadell 3
286;Toyota;Avensis;14990;1.9;2018;119000;Diésel;Manual;Mataró
287;Volkswagen;Golf;14990;1.4;2013;141100;Diésel;Automatica;Mataró
288;Mercedes;Benz Clase E;39990;4.5;2018;99700;Diésel;Automatica;Sabadell 3
289;Nissan;Qashqai;18490;2.9;2019;118700;Diésel;Manual;Sabadell 3
290;Ford;Kuga;14990;5.1;2017;69000;Diésel;Manual;Sabadell 3
291;Fiat;500X;13990;4.3;2019;68300;Gasolina;Manual;Sabadell 3
292;Fiat;500X;14990;5.0;2017;89000;Gasolina;Automatica;Viladecans
293;Citroen;C4 Cactus;9990;2.4;2016;118069;Gasolina;Manual;Granollers
294;SEAT;Tarraco;24990;4.5;2019;65833;Diésel;Manual;Mataró
295;Mercedes;Benz Citan;11990;2.3;2018;82000;Diésel;Manual;Badalona
296;Ford;EcoSport;15490;5.7;2019;25000;Gasolina;Manual;Badalona
297;Citroen;C4 Aircross;10990;4.2;2012;97500;Diésel;Manual;Badalona
298;SEAT;Ateca;18990;2.6;2018;112250;Diésel;Manual;Hospitalet
299;Peugeot;3008;19490;2.3;2016;95200;Diésel;Manual;Hospitalet
300;Citroen;C4 Picasso;10990;2.0;2014;86007;Diésel;Manual;Viladecans
301;Suzuki;Vitara;15490;4.5;2019;72073;Gasolina;Manual;Viladecans
302;Peugeot;208;7490;2.1;2015;145954;Gasolina;Manual;Viladecans
303;BMW;Serie 1;12490;4.0;2013;75600;Diésel;Manual;Hospitalet
304;Audi;Q3;21490;2.3;2017;161400;Diésel;Automatica;Hospitalet
305;Hyundai;ix20;9990;4.3;2014;57800;Gasolina;Manual;Hospitalet
306;Skoda;Rapid;8210;5.1;2016;73000;Gasolina;Manual;Sabadell 1
307;Peugeot;208;15990;4.9;2020;21660;Gasolina;Automatica;Sabadell 3
308;Fiat;Tipo;6990;4.8;2018;189800;GLP;Manual;Sabadell 3
309;BMW;X1;10990;1.9;2012;135000;Diésel;Manual;Sabadell 3
310;Hyundai;ix35;7990;1.4;2012;186350;Diésel;Manual;Sabadell 3
311;BMW;Serie 1;15990;4.5;2017;98600;Diésel;Manual;Sabadell 3
312;BMW;X1;20490;2.8;2018;110000;Diésel;Automatica;Sabadell 3
313;Ford;Fiesta;13990;3.2;2018;28467;Diésel;Manual;Sabadell 3
314;Citroen;C3;11990;1.2;2019;44200;Gasolina;Manual;Sabadell 3
315;BMW;Serie 3;15490;2.3;2015;144900;Diésel;Automatica;Sabadell 3
316;Toyota;Auris;15990;1.2;2018;64000;Híbrido;Automatica;Sabadell 3
317;Audi;Q3;29990;5.4;2019;18200;Gasolina;Automatica;Sabadell 1
318;Fiat;Tipo;9990;2.2;2017;80131;Gasolina;Manual;Sabadell 2
319;Fiat;500;11490;3.8;2019;40000;Gasolina;Manual;Granollers
320;Kia;Picanto;10990;1.2;2019;16509;Gasolina;Manual;Granollers
321;Mercedes;Benz Clase GLE Coupé;58990;4.3;2018;111000;Gasolina;Automatica;Granollers
322;Peugeot;2008;12490;2.6;2016;87000;Gasolina;Manual;Granollers
323;Mercedes;Benz Clase GLC;34990;5.5;2018;77738;Diésel;Automatica;Esplugas
324;Smart;Fortwo;10490;5.4;2016;51500;Gasolina;Manual;Badalona
325;Peugeot;308;10990;2.6;2017;115000;Diésel;Manual;Granollers
326;BMW;Serie 3;23990;5.5;2017;126000;Diésel;Automatica;Granollers
327;Mitsubishi;ASX;9990;6.0;2011;98814;Diésel;Manual;Esplugas
328;BMW;X5;30990;5.1;2018;101240;Diésel;Automatica;Viladecans
329;Volkswagen;Scirocco;16990;5.2;2017;73153;Gasolina;Manual;Gavá
330;Volkswagen;Golf;14990;2.2;2017;65655;Diésel;Manual;Gavá
331;Renault;Clio;6990;3.9;2013;161540;Diésel;Manual;Hospitalet
332;BMW;Serie 5;20990;1.3;2017;178000;Diésel;Automatica;Sabadell 3
333;Volkswagen;Golf;10990;1.5;2013;136000;Diésel;Automatica;Sabadell 3
334;SEAT;Ibiza;9490;6.0;2015;112700;Diésel;Manual;Hospitalet
335;Jaguar;XE;22990;2.6;2019;51080;Diésel;Automatica;Sabadell 2
336;Nissan;X-Trail;19970;4.7;2018;55250;Gasolina;Manual;Sabadell 1
337;Nissan;JUKE;11180;5.0;2018;122900;Gasolina;Manual;Sabadell 1
338;Ford;Focus;15990;2.6;2019;30058;Gasolina;Manual;Sabadell 2
339;Ford;Kuga;23490;3.3;2020;28000;Diésel;Automatica;Sabadell 2
340;Kia;Ceed;15990;4.8;2020;22800;Gasolina;Manual;Sabadell 2
341;Volkswagen;T-Roc;23460;4.1;2019;19500;Diésel;Manual;Sabadell 1
342;Honda;CR-V;14990;5.7;2013;110000;Diésel;Manual;Sabadell 1
343;Mercedes;Benz Vito;16490;4.3;2014;70000;Diésel;Manual;Sabadell 1
344;Kia;Sportage;14490;1.4;2016;118000;Diésel;Manual;Sabadell 1
345;SEAT;Leon;13580;2.8;2014;90000;Diésel;Manual;Sabadell 1
346;Ford;Kuga;13990;3.8;2014;69429;Diésel;Manual;Esplugas
347;Smart;Forfour;12490;3.0;2018;60000;Eléctrico;Automatica;Badalona
348;Toyota;Yaris;10990;5.2;2019;16184;Gasolina;Manual;Mataró
349;Jeep;Renegade;24990;2.1;2021;6500;Gasolina;Automatica;Badalona
350;Mini;Mini;14990;3.8;2016;62832;Gasolina;Manual;Sabadell 3
351;Toyota;Auris;17490;2.9;2016;36000;Híbrido;Automatica;Badalona
352;Kia;Picanto;11990;4.3;2021;3800;Gasolina;Manual;Badalona
353;Mini;Countryman;14990;1.7;2015;145278;Diésel;Automatica;Esplugas
354;Ford;Grand C-Max;11490;3.9;2016;165000;Diésel;Manual;Hospitalet
355;Mitsubishi;Outlander;10990;1.9;2014;154300;Diésel;Manual;Badalona
356;Kia;Stonic;15990;2.6;2019;64000;Gasolina;Manual;Hospitalet
357;Audi;A1;20990;3.3;2019;40457;Gasolina;Manual;Mataró
358;Opel;Astra;11490;4.8;2015;45300;Diésel;Manual;Hospitalet
359;Citroen;C4 Cactus;14480;4.1;2018;41360;Diésel;Manual;Sabadell 1
360;Volvo;XC40;28990;5.7;2021;6000;Gasolina;Manual;Sabadell 3
361;Kia;Ceed;13990;4.3;2019;70000;Gasolina;Manual;Sabadell 3
362;Hyundai;Tucson;16990;1.4;2018;43390;Gasolina;Manual;Gavá
363;Citroen;C3;11990;2.8;2018;55145;Gasolina;Manual;Gavá
364;Renault;Megane;11990;3.8;2016;86310;Diésel;Manual;Granollers
365;Ford;Fiesta;8990;3.0;2015;71100;Gasolina;Manual;Granollers
366;Nissan;Note;7490;5.2;2015;85000;Gasolina;Manual;Badalona
367;SEAT;Leon;10990;2.1;2014;95650;Gasolina;Manual;Badalona
368;Volkswagen;Tiguan;15990;3.8;2015;146500;Diésel;Automatica;Badalona
369;Fiat;Tipo;9990;2.9;2017;73700;Diésel;Manual;Sabadell 2
370;Mercedes;Benz Clase GLA;27990;4.3;2018;75716;Diésel;Automatica;Viladecans
371;BMW;X5;82580;1.7;2021;14000;Híbrido;Automatica;Sabadell 1
372;Opel;Corsa;10990;3.9;2018;47450;Gasolina;Manual;Hospitalet
373;Ford;Focus;16490;1.9;2019;28592;Gasolina;Manual;Esplugas
374;Peugeot;208;10490;2.6;2016;80826;Gasolina;Manual;Esplugas
375;Nissan;Qashqai;18490;3.3;2019;109575;Gasolina;Automatica;Esplugas
376;Mini;Mini;20990;4.8;2019;20525;Gasolina;Automatica;Esplugas
377;SEAT;Leon;18990;4.1;2019;49200;Gasolina;Automatica;Hospitalet
378;Ford;Fiesta;13490;5.7;2019;71000;Diésel;Manual;Hospitalet
379;Renault;Clio;14990;4.3;2019;22137;Gasolina;Manual;Hospitalet
380;Jaguar;F-Pace;34990;1.4;2018;32920;Diésel;Automatica;Badalona
381;SEAT;Ateca;20990;2.8;2017;15000;Gasolina;Automatica;Badalona
382;Ford;Focus;17990;3.8;2019;42800;Gasolina;Manual;Badalona
383;Kia;Ceed;12990;3.0;2018;30000;Gasolina;Manual;Badalona
384;Cupra;Ateca;31990;5.2;2019;30000;Gasolina;Automatica;Badalona
385;Toyota;Corolla;22990;2.1;2020;21450;Híbrido;Automatica;Badalona
386;Volkswagen;Scirocco;16990;3.8;2017;110700;Diésel;Automatica;Badalona
387;Jeep;Compass;17990;2.9;2018;13000;Gasolina;Manual;Badalona
388;Kia;Sportage;9990;4.3;2011;101000;Gasolina;Manual;Badalona
389;Audi;Q3;19990;1.7;2016;144042;Diésel;Automatica;Badalona
390;Audi;A1;9990;3.9;2014;142359;Diésel;Manual;Badalona
391;Citroen;C3;7990;1.9;2014;47100;Diésel;Manual;Hospitalet
392;Mercedes;Benz Clase C;18970;2.6;2015;170000;Diésel;Automatica;Sabadell 1
393;Ford;Focus;16990;3.3;2019;26500;Gasolina;Manual;Hospitalet
394;Honda;Civic;36990;4.8;2018;17349;Gasolina;Manual;Viladecans
395;Volvo;V40;13490;4.1;2014;61987;Diésel;Manual;Viladecans
396;Opel;Zafira Tourer;10990;5.7;2016;82650;Diésel;Manual;Sabadell 2
397;Fiat;Panda;10490;4.3;2018;53021;Gasolina;Manual;Viladecans
398;Audi;TT;23990;1.4;2015;155223;Gasolina;Automatica;Viladecans
399;Mercedes;Benz Clase GLC;33860;2.8;2018;87500;Diésel;Automatica;Sabadell 1
400;Audi;A4;19590;3.8;2017;101567;Diésel;Manual;Viladecans
401;SEAT;Alhambra;12990;3.0;2014;163000;Diésel;Manual;Sabadell 1
402;Ford;Focus;18780;5.2;2019;71000;Gasolina;Manual;Sabadell 1
403;SEAT;Ibiza;11790;2.1;2018;53000;Gasolina;Manual;Sabadell 1
404;Audi;A7;20990;3.8;2011;137000;Diésel;Automatica;Sabadell 1
405;SEAT;Leon;17490;2.9;2017;47120;Gasolina;Automatica;Hospitalet
406;Jeep;Grand Cherokee;17360;4.3;2011;160000;Diésel;Automatica;Sabadell 1
407;Fiat;500;12990;1.7;2019;28669;Gasolina;Manual;Granollers
408;SEAT;Leon;14990;3.9;2015;147978;Diésel;Manual;Mataró
409;Ford;Fiesta;14490;1.9;2020;11920;Gasolina;Manual;Sabadell 2
410;Kia;ProCeed;14490;3.4;2015;92000;Diésel;Manual;Badalona
411;Renault;Espace;14990;3.0;2015;130165;Diésel;Automatica;Gavá
412;Mazda;MX-5;16990;1.8;2017;106000;Gasolina;Manual;Gavá
413;SEAT;Leon;24990;3.9;2017;53500;Gasolina;Automatica;Gavá
414;SEAT;Ibiza;16990;2.4;2018;92959;Gasolina;Manual;Mataró
415;Dacia;Logan;7490;5.6;2015;50500;Diésel;Manual;Mataró
416;Citroen;C4 Cactus;8990;3.9;2015;154565;Diésel;Manual;Mataró
417;Nissan;JUKE;9990;4.0;2013;95142;Gasolina;Manual;Mataró
418;Peugeot;108;7990;2.8;2015;61500;Gasolina;Manual;Mataró
419;Citroen;Berlingo;8990;1.3;2016;142350;Diésel;Manual;Sabadell 3
420;Kia;Sportage;19990;1.2;2017;86600;Diésel;Automatica;Sabadell 3
421;Opel;Insignia;11990;3.1;2017;98700;Diésel;Manual;Sabadell 3
422;Volkswagen;Tiguan;22490;1.4;2016;141350;Diésel;Automatica;Sabadell 3
423;Ford;Focus;10990;4.0;2016;125600;Diésel;Manual;Sabadell 3
424;Nissan;Qashqai;14990;5.4;2017;131000;Diésel;Manual;Sabadell 3
425;Peugeot;108;8990;5.4;2018;60000;Gasolina;Manual;Granollers
426;Fiat;500X;17290;4.3;2020;13423;Gasolina;Manual;Granollers
427;Smart;Fortwo;12490;2.1;2017;68180;Gasolina;Automatica;Granollers
428;Volkswagen;Polo;9290;5.3;2013;129980;Gasolina;Manual;Sabadell 2
429;Ford;Focus;16490;5.4;2019;58520;Gasolina;Manual;Sabadell 2
430;Ford;Ka;7490;2.0;2016;48000;Gasolina;Manual;Granollers
431;Mercedes;Benz Clase C;15990;4.7;2014;201000;Diésel;Automatica;Sabadell 1
432;Mercedes;Benz Clase E;34490;2.4;2017;95950;Diésel;Automatica;Hospitalet
433;Toyota;Yaris;15990;5.0;2019;38255;Híbrido;Automatica;Esplugas
434;SEAT;Leon;8490;6.0;2012;169927;Diésel;Manual;Esplugas
435;Toyota;Land Cruiser;33990;1.2;2015;157515;Diésel;Automatica;Esplugas
436;Kia;Sorento;22490;5.5;2017;115601;Diésel;Automatica;Esplugas
437;Toyota;Yaris;14590;4.1;2018;56935;Híbrido;Automatica;Viladecans
438;Mercedes;Benz Clase A;14490;5.9;2013;145240;Diésel;Manual;Mataró
439;Opel;Adam;9990;3.3;2016;32806;Gasolina;Manual;Mataró
440;Land;Rover Range Rover Evoque;22990;5.2;2016;109296;Diésel;Automatica;Mataró
441;Opel;Astra;12490;1.3;2017;40000;Gasolina;Manual;Sabadell 3
442;Renault;Clio 4;11990;2.7;2016;56300;Gasolina;Manual;Sabadell 3
443;Ford;Focus;17990;1.3;2019;25543;Gasolina;Manual;Gavá
444;Toyota;Auris;12990;5.9;2014;65989;Híbrido;Automatica;Hospitalet
445;SEAT;Leon;16490;5.1;2016;63910;Gasolina;Manual;Hospitalet
446;Volkswagen;Golf;9990;5.3;2013;158500;Diésel;Automatica;Badalona
447;Peugeot;2008;16990;5.7;2019;32550;Gasolina;Automatica;Hospitalet
448;Mini;Countryman;19990;1.4;2018;28492;Gasolina;Manual;Sabadell 3
449;Nissan;JUKE;13990;2.9;2019;13500;Gasolina;Manual;Hospitalet
450;Volvo;XC40;28490;1.4;2018;128000;Diésel;Automatica;Sabadell 3
451;Audi;A5;32490;2.1;2019;61800;Diésel;Automatica;Sabadell 3
452;Peugeot;3008;23490;2.1;2018;130500;Diésel;Automatica;Sabadell 3
453;SEAT;Leon;16710;3.3;2019;50500;Gasolina;Manual;Sabadell 1
454;Toyota;Rav4;31990;2.3;2020;21000;Híbrido;Automatica;Sabadell 1
455;Toyota;Rav4;19990;1.5;2017;133000;Híbrido;Automatica;Sabadell 1
456;Renault;Grand Scenic;18990;1.8;2018;46000;Gasolina;Manual;Badalona
457;Dacia;Sandero;8990;1.7;2015;96960;Diésel;Manual;Sabadell 1
458;Mercedes;Benz Clase GLE;28990;5.9;2016;103500;Diésel;Automatica;Sabadell 1
459;Mazda;MX-5;21490;4.8;2018;18000;Gasolina;Manual;Sabadell 1
460;Land;Rover Range Rover Evoque;17490;5.8;2013;137000;Diésel;Manual;Sabadell 1
461;Volkswagen;Scirocco;12990;3.2;2013;113800;Gasolina;Manual;Mataró
462;Peugeot;Partner;14990;2.4;2017;87550;Diésel;Manual;Mataró
463;Mercedes;Benz Clase A;22990;5.0;2018;56099;Diésel;Automatica;Gavá
464;Mercedes;Benz Clase C;19990;2.6;2015;108000;Diésel;Automatica;Gavá
465;Cupra;Formentor;27990;2.5;2021;6308;Gasolina;Manual;Sabadell 2
466;Fiat;500L;8790;2.2;2014;109162;Diésel;Manual;Sabadell 2
467;Renault;Grand Scenic;17490;1.6;2017;47154;Gasolina;Manual;Viladecans
468;Renault;Talisman;14990;2.3;2018;41368;Diésel;Manual;Viladecans
469;Mazda;CX-3;22490;2.8;2018;20545;Gasolina;Automatica;Viladecans
470;Honda;CR-V;17990;4.4;2016;63800;Diésel;Manual;Badalona
471;Mitsubishi;ASX;15990;1.3;2018;95274;Gasolina;Manual;Viladecans
472;Peugeot;308;9990;2.1;2015;116806;Diésel;Manual;Viladecans
473;Land;Rover Range Rover Evoque;20490;5.0;2014;186166;Diésel;Automatica;Viladecans
474;BMW;Serie 3;20990;1.7;2015;126000;Diésel;Automatica;Viladecans
475;Mazda;Mazda3;18990;2.7;2019;41000;Diésel;Manual;Badalona
476;Honda;Civic;15490;5.3;2017;95694;Gasolina;Manual;Viladecans
477;Toyota;Yaris;10990;1.8;2016;97500;Híbrido;Automatica;Badalona
478;Porsche;Cayenne;38490;1.4;2017;162573;Diésel;Automatica;Esplugas
479;SEAT;Leon;28990;3.4;2020;9870;Gasolina;Automatica;Esplugas
480;Mercedes;Benz Clase GLA;23990;2.5;2018;46178;Diésel;Automatica;Esplugas
481;SEAT;Ibiza;13990;3.8;2018;82477;Gasolina;Manual;Esplugas
482;BMW;Serie 4;24490;5.0;2017;178060;Diésel;Automatica;Hospitalet
483;SEAT;Leon;12990;1.7;2014;80500;Gasolina;Manual;Hospitalet
484;Renault;Scenic;23490;3.9;2020;13379;Diésel;Manual;Sabadell 3
485;Audi;A3;17490;3.5;2016;113800;Diésel;Manual;Sabadell 3
486;Fiat;500L;14490;1.7;2019;24300;Gasolina;Manual;Sabadell 3
487;Renault;Clio;10990;4.1;2018;55055;Gasolina;Manual;Sabadell 3
488;Ford;Focus;16990;2.4;2019;62000;Gasolina;Automatica;Gavá
489;Ford;Fiesta;14990;3.4;2019;21000;Gasolina;Manual;Gavá
490;Audi;A3;16490;1.4;2016;133000;Diésel;Manual;Gavá
491;Ford;Kuga;15490;3.3;2017;67517;Gasolina;Manual;Hospitalet
492;Citroen;C4;11990;2.5;2016;70000;Diésel;Manual;Granollers
493;Volkswagen;Scirocco;14990;5.1;2015;90083;Gasolina;Manual;Viladecans
494;BMW;i3;20490;1.3;2018;90680;Eléctrico;Automatica;Viladecans
495;BMW;Serie 4;25490;3.1;2016;100192;Diésel;Automatica;Viladecans
496;Toyota;C-HR;19990;3.3;2018;49424;Híbrido;Automatica;Viladecans
497;Peugeot;208;9990;4.6;2016;47658;Gasolina;Manual;Viladecans
498;Mini;Countryman;10490;3.9;2013;160500;Diésel;Manual;Granollers
499;Volkswagen;Scirocco;13990;4.3;2013;125000;Diésel;Automatica;Granollers
500;Abarth;500;13990;4.9;2015;43000;Gasolina;Manual;Granollers
501;Toyota;Auris;15490;5.3;2018;82800;Híbrido;Automatica;Granollers
502;Mercedes;Benz Clase CLA;21990;2.6;2017;128754;Diésel;Manual;Gavá
503;SEAT;Altea;5990;3.7;2010;132699;Diésel;Manual;Gavá
504;Kia;Carens;9990;5.2;2015;113299;Diésel;Manual;Gavá
505;Citroen;Berlingo;19990;5.9;2019;45000;Gasolina;Manual;Gavá
506;SEAT;Leon;14990;5.4;2015;122631;Diésel;Manual;Esplugas
507;Volkswagen;Tiguan;15990;2.9;2016;151500;Diésel;Manual;Granollers
508;Volkswagen;Multivan;34490;2.0;2016;83000;Diésel;Automatica;Esplugas
509;Mazda;Mazda3;14490;3.4;2015;85000;Gasolina;Automatica;Hospitalet
510;Renault;Scenic;10490;4.7;2014;73196;Gasolina;Manual;Sabadell 1
511;Peugeot;2008;13470;3.5;2017;59283;Gasolina;Automatica;Sabadell 1
512;Audi;Q3;17180;3.4;2014;130601;Gasolina;Automatica;Sabadell 1
513;BMW;Serie 3;19990;5.2;2015;150000;Diésel;Automatica;Sabadell 1
514;Jeep;Renegade;17990;2.8;2019;38500;Gasolina;Manual;Badalona
515;Mitsubishi;ASX;17990;5.3;2018;31100;Gasolina;Manual;Badalona
516;Dacia;Duster;17990;3.0;2020;26500;Gasolina;Manual;Badalona
517;Fiat;500L;12990;2.6;2016;52102;Diésel;Manual;Hospitalet
518;Peugeot;3008;20990;3.3;2017;64200;Diésel;Manual;Badalona
519;Citroen;C1;9490;4.8;2018;16000;Gasolina;Manual;Hospitalet
520;Peugeot;308;17990;4.1;2019;68200;Gasolina;Automatica;Badalona
521;SEAT;Leon;19990;5.7;2018;71520;Diésel;Automatica;Badalona
522;Renault;Captur;11990;4.3;2015;49100;Gasolina;Manual;Badalona
523;Citroen;C3;10990;1.4;2018;34000;Gasolina;Manual;Badalona
524;BMW;X2;30990;2.8;2018;63166;Diésel;Automatica;Viladecans
525;SEAT;Leon;24790;3.8;2018;62147;Gasolina;Manual;Viladecans
526;Mazda;CX-5;12490;3.0;2016;198000;Diésel;Manual;Viladecans
527;Peugeot;3008;19990;5.2;2018;114000;Diésel;Automatica;Sabadell 3
528;Peugeot;208;11490;2.1;2017;78000;Diésel;Manual;Sabadell 3
529;Opel;Insignia;13490;3.8;2017;110000;Diésel;Manual;Sabadell 3
530;SEAT;Ateca;19490;2.9;2020;32000;Gasolina;Manual;Sabadell 3
531;Volkswagen;Sharan;23990;4.3;2016;87000;Diésel;Manual;Sabadell 3
532;Nissan;JUKE;12490;1.7;2017;97700;Gasolina;Automatica;Sabadell 3
533;Dacia;Logan;9490;3.9;2016;4840;Gasolina;Manual;Sabadell 3
534;Lexus;IS;20490;1.9;2018;91620;Híbrido;Automatica;Sabadell 3
535;Peugeot;2008;19990;2.4;2020;23000;Gasolina;Manual;Sabadell 3
536;Ford;Focus;11990;2.1;2017;61901;Gasolina;Manual;Esplugas
537;Nissan;X-Trail;16990;1.9;2017;99566;Diésel;Manual;Esplugas
538;Volkswagen;Golf;16990;5.1;2016;21416;Diésel;Manual;Esplugas
539;Citroen;C4 Cactus;14490;2.4;2020;24060;Gasolina;Manual;Esplugas
540;Dacia;Sandero;8490;5.6;2015;21050;Diésel;Manual;Sabadell 1
541;Citroen;C4 Cactus;11490;5.8;2017;117409;Diésel;Manual;Viladecans
542;Toyota;Land Cruiser;32990;3.9;2016;52345;Diésel;Manual;Mataró
543;Alfa;Romeo Mito;7990;1.7;2014;76586;Diésel;Manual;Gavá
544;Jaguar;XF;10990;2.9;2011;163000;Diésel;Automatica;Gavá
545;Nissan;JUKE;13990;5.0;2019;43339;Gasolina;Manual;Badalona
546;Toyota;Yaris;13490;2.8;2017;79648;Híbrido;Automatica;Mataró
547;Renault;Clio;8290;1.4;2013;102000;Gasolina;Manual;Sabadell 2
548;Hyundai;Tucson;16990;3.8;2018;53507;Gasolina;Manual;Viladecans
549;Kia;Rio;7990;5.2;2014;75830;Gasolina;Manual;Mataró
550;Volkswagen;Golf;23990;5.0;2020;14722;Gasolina;Manual;Mataró
551;Kia;Sportage;21990;1.9;2018;17228;Gasolina;Automatica;Mataró
552;Kia;Ceed;12990;4.4;2018;52127;Gasolina;Manual;Viladecans
553;BMW;Serie 1;13990;2.1;2015;52407;Diésel;Manual;Granollers
554;Porsche;Cayenne;22990;2.1;2011;169227;Híbrido;Automatica;Gavá
555;Ford;Focus;10490;5.4;2014;93000;Gasolina;Manual;Mataró
556;Peugeot;2008;21790;2.2;2021;2054;Diésel;Manual;Viladecans
557;Abarth;500;15490;2.3;2018;51116;Gasolina;Manual;Viladecans
558;Renault;Megane;12490;1.0;2016;102782;Diésel;Manual;Viladecans
559;Ford;Fiesta;15490;5.4;2019;6500;Gasolina;Manual;Gavá
560;Alfa;Romeo Mito;9990;5.0;2015;44500;Diésel;Manual;Sabadell 1
561;SEAT;Ibiza;8990;4.1;2015;28500;Gasolina;Manual;Sabadell 2
562;BMW;X3;30490;4.8;2018;160816;Diésel;Automatica;Viladecans
563;BMW;Serie 3;17990;1.8;2016;91467;Diésel;Manual;Viladecans
564;Kia;Ceed;13490;3.3;2018;72263;Diésel;Manual;Viladecans
565;Ford;Grand C-Max;15990;2.8;2019;59500;Gasolina;Manual;Sabadell 1
566;Peugeot;3008;11430;1.5;2016;94500;Diésel;Manual;Sabadell 1
567;Lexus;CT;17990;3.4;2018;82167;Híbrido;Automatica;Sabadell 3
568;Renault;Scenic;10520;5.6;2015;55000;Gasolina;Manual;Sabadell 1
569;Volkswagen;Polo;11990;1.2;2015;76490;Gasolina;Manual;Hospitalet
570;Opel;Corsa;10990;2.5;2016;32200;Gasolina;Manual;Mataró
571;Renault;Clio;18990;2.0;2017;72000;Gasolina;Automatica;Sabadell 1
572;Kia;Sportage;15490;2.2;2017;93232;Gasolina;Manual;Sabadell 1
573;Nissan;Qashqai;10770;5.5;2014;147169;Diésel;Manual;Sabadell 1
574;DS;DS 4;8790;3.3;2015;91700;Diésel;Manual;Sabadell 1
575;Audi;A5;20970;3.3;2016;102000;Diésel;Automatica;Sabadell 1
576;SEAT;Leon;18990;4.8;2019;51850;Gasolina;Manual;Sabadell 1
577;SEAT;Leon;21990;1.8;2017;93298;Gasolina;Automatica;Esplugas
578;BMW;Serie 1;14990;3.4;2015;116900;Diésel;Manual;Hospitalet
579;Audi;Q3;22990;3.1;2016;101794;Gasolina;Automatica;Esplugas
580;Fiat;Tipo;8990;4.0;2018;118548;GLP;Manual;Esplugas
581;SEAT;Arona;13990;6.0;2018;44979;Gasolina;Manual;Esplugas
582;BMW;X4;23490;4.8;2014;168900;Diésel;Automatica;Hospitalet
583;Toyota;Verso;15990;3.0;2018;71000;Gasolina;Manual;Hospitalet
584;Audi;A1;17990;5.1;2018;54900;Diésel;Manual;Hospitalet
585;Mercedes;Benz Clase A;15490;1.9;2015;120600;Diésel;Automatica;Hospitalet
586;Ford;Fiesta;8490;1.2;2015;51995;Gasolina;Manual;Hospitalet
587;Jeep;Renegade;12990;2.0;2015;141653;Diésel;Manual;Esplugas
588;SEAT;Altea;7490;2.7;2012;169999;Diésel;Manual;Gavá
589;Citroen;Grand C4 Picasso;14490;3.6;2016;98000;Diésel;Automatica;Gavá
590;Dacia;Lodgy;9990;4.1;2017;84000;Gasolina;Manual;Badalona
591;Mazda;Mazda6;14990;5.6;2015;91930;Diésel;Manual;Hospitalet
592;BMW;Serie 2 Active Tourer;18990;3.5;2017;83000;Diésel;Manual;Granollers
593;SEAT;Ibiza;11490;3.5;2018;94230;Gasolina;Manual;Granollers
594;Subaru;Forester;28650;1.3;2020;15135;Híbrido;Automatica;Sabadell 1
595;Mini;Countryman;13990;1.2;2013;121196;Diésel;Automatica;Mataró
596;Audi;A3;11990;3.8;2011;107802;Gasolina;Manual;Mataró
597;Ford;Fiesta;9990;3.2;2016;91321;Gasolina;Manual;Mataró
598;Kia;Soul EV;16490;5.2;2016;54700;Eléctrico;Automatica;Badalona
599;Opel;Combo;8990;4.1;2016;99769;Diésel;Manual;Mataró
600;Nissan;Micra;12290;5.7;2017;57819;Gasolina;Manual;Mataró
601;Honda;CR-V;14990;4.3;2014;153286;Diésel;Manual;Hospitalet
602;Mini;CLUBMAN;19990;1.4;2019;21129;Diésel;Automatica;Gavá
603;Citroen;C4 Picasso;7990;2.8;2013;114000;Diésel;Automatica;Badalona
604;SEAT;Ibiza;11990;3.8;2018;49276;Diésel;Manual;Sabadell 1
605;BMW;X4;24490;3.0;2016;126119;Diésel;Automatica;Gavá
606;Mazda;CX-5;12990;5.2;2013;169800;Diésel;Automatica;Badalona
607;Citroen;C4 Cactus;10990;2.4;2017;100546;Diésel;Manual;Badalona
608;Volkswagen;Golf;26990;1.9;2017;39400;Gasolina;Manual;Granollers
609;Mercedes;Benz Clase B;18490;2.9;2017;114000;Diésel;Automatica;Sabadell 1
610;Nissan;Micra;12220;5.0;2019;44990;Gasolina;Manual;Sabadell 1
611;Renault;Clio;8490;3.0;2014;97970;Gasolina;Manual;Viladecans
612;BMW;Serie 1;14990;4.8;2018;97265;Diésel;Manual;Viladecans
613;Mitsubishi;ASX;14490;1.6;2017;90455;Gasolina;Manual;Sabadell 3
614;Kia;Ceed;17990;4.9;2019;44230;Gasolina;Manual;Sabadell 3
615;Mercedes;Benz Clase C;49990;2.2;2017;63202;Gasolina;Automatica;Mataró
616;Nissan;Micra;14490;4.4;2021;4400;Gasolina;Automatica;Sabadell 3
617;Citroen;Berlingo;19990;3.8;2019;35050;Gasolina;Manual;Badalona
618;Opel;Insignia;6990;5.6;2011;134000;Gasolina;Manual;Sabadell 1
619;Hyundai;Tucson;15490;2.9;2016;125000;Diésel;Manual;Sabadell 1
620;Opel;Astra;17990;1.3;2019;22900;Diésel;Manual;Badalona
621;Toyota;Auris;10990;1.1;2015;146500;Híbrido;Automatica;Sabadell 2
622;Citroen;C4;7490;5.1;2012;133744;Diésel;Manual;Esplugas
623;BMW;X2;25990;3.6;2018;99990;Diésel;Automatica;Esplugas
624;Abarth;500;21990;4.9;2017;45845;Gasolina;Manual;Esplugas
625;SEAT;Ibiza;13490;2.2;2018;27392;Gasolina;Manual;Esplugas
626;Ford;Focus;17990;2.7;2018;27000;Diésel;Automatica;Granollers
627;Toyota;Yaris;13490;1.2;2017;57950;Híbrido;Automatica;Hospitalet
628;Abarth;500;14780;5.8;2015;89000;Gasolina;Automatica;Sabadell 1
629;Audi;A4;17850;4.3;2017;132853;Diésel;Automatica;Sabadell 1
630;BMW;Serie 4;22490;5.7;2015;100787;Diésel;Automatica;Sabadell 1
631;Suzuki;Vitara;16990;2.3;2017;87024;Diésel;Automatica;Sabadell 1
632;Mazda;CX-3;14990;4.1;2015;49000;Gasolina;Manual;Gavá
633;Volkswagen;T-Roc;19590;4.4;2018;64181;Gasolina;Manual;Sabadell 1
634;Peugeot;308;16280;2.6;2016;112000;Gasolina;Manual;Sabadell 1
635;Renault;Megane;16990;5.2;2020;17000;Gasolina;Manual;Granollers
636;Mini;Mini;19490;5.7;2017;48000;Gasolina;Automatica;Granollers
637;BMW;Serie 1;15290;5.4;2017;77800;Diésel;Manual;Badalona
638;Porsche;Cayenne;20990;4.7;2012;220000;Diésel;Automatica;Badalona
639;Volkswagen;Touareg;18990;2.4;2012;155000;Diésel;Automatica;Badalona
640;Nissan;Qashqai;12990;2.4;2014;137000;Diésel;Automatica;Badalona
641;Kia;Ceed;13790;5.8;2018;90760;Diésel;Manual;Viladecans
642;Nissan;Qashqai;17490;1.1;2018;37119;Gasolina;Manual;Viladecans
643;Nissan;JUKE;10490;4.6;2016;103127;Gasolina;Manual;Sabadell 2
644;Renault;Scenic;10990;4.5;2016;107410;Diésel;Manual;Sabadell 3
645;SEAT;Ibiza;9990;4.1;2016;99869;Gasolina;Manual;Mataró
646;Volkswagen;T-Roc;24990;6.0;2018;61220;Gasolina;Automatica;Gavá
647;Mercedes;Benz Clase GLA;17490;2.6;2016;132203;Diésel;Manual;Gavá
648;Dacia;Sandero;9490;2.7;2017;17300;Gasolina;Manual;Hospitalet
649;Toyota;Yaris;11990;1.4;2018;98400;Híbrido;Automatica;Gavá
650;Opel;Grandland X;15990;3.2;2018;39456;Diésel;Manual;Viladecans
651;Mini;Mini;13790;2.3;2016;40000;Gasolina;Manual;Viladecans
652;Peugeot;308;13990;2.7;2018;75515;Gasolina;Manual;Hospitalet
653;Hyundai;Tucson;15490;5.2;2017;83000;Gasolina;Manual;Viladecans
654;BMW;Serie 2;29990;5.7;2020;25807;Gasolina;Automatica;Esplugas
655;Kia;Ceed;14990;1.9;2019;32000;Gasolina;Manual;Granollers
656;SEAT;Ibiza;10290;2.9;2017;52000;Gasolina;Manual;Badalona
657;Citroen;C4;6990;5.6;2014;160500;Diésel;Manual;Badalona
658;Audi;A1;15990;1.3;2017;53000;Gasolina;Manual;Badalona
659;Abarth;500;18490;1.5;2018;74552;Gasolina;Manual;Esplugas
660;Ford;Kuga;18490;1.8;2019;25396;Gasolina;Manual;Esplugas
661;Audi;Q2;21990;4.0;2017;106455;Diésel;Automatica;Esplugas
662;SEAT;Leon;7990;1.8;2013;144000;Diésel;Manual;Badalona
663;BMW;X1;18490;5.8;2016;122916;Diésel;Manual;Viladecans
664;Kia;Stonic;13490;3.2;2018;91388;Gasolina;Manual;Viladecans
665;Volkswagen;Passat;14990;3.5;2015;111240;Diésel;Automatica;Viladecans
666;SEAT;Arona;16990;2.2;2018;19754;Gasolina;Manual;Mataró
667;Audi;A3;24990;3.4;2019;30450;Gasolina;Automatica;Hospitalet
668;Kia;Picanto;10990;4.3;2020;14000;Gasolina;Manual;Badalona
669;Audi;A1;12990;4.8;2015;95100;Gasolina;Manual;Hospitalet
670;BMW;Serie 4;22990;4.8;2016;104000;Diésel;Automatica;Badalona
671;Renault;Megane;6990;3.9;2012;131783;Diésel;Manual;Mataró
672;Ford;Kuga;9990;5.5;2012;110155;Diésel;Manual;Mataró
673;SEAT;Leon;10990;5.1;2014;138000;Diésel;Manual;Granollers
674;Toyota;Yaris;13990;4.8;2018;65000;Híbrido;Automatica;Viladecans
675;Renault;Kadjar;16990;1.3;2018;45000;Diésel;Manual;Granollers
676;Volkswagen;Touran;24990;1.0;2019;52444;Gasolina;Automatica;Esplugas
677;Citroen;C1;10490;2.1;2018;20674;Gasolina;Manual;Esplugas
678;Mazda;CX-3;14590;4.3;2016;62858;Diésel;Manual;Viladecans
679;Chevrolet;Cruze;6490;3.1;2011;97806;Gasolina;Manual;Viladecans
680;BMW;Serie 1;25990;3.0;2021;28237;Diésel;Automatica;Viladecans
681;Toyota;Rav4;16490;5.4;2015;131023;Gasolina;Manual;Esplugas
682;BMW;Serie 1;9990;5.5;2013;181200;Diésel;Manual;Sabadell 3
683;BMW;Serie 1;26840;5.5;2021;24000;Diésel;Automatica;Sabadell 1
684;Volkswagen;Golf;17990;2.6;2019;26951;Gasolina;Automatica;Sabadell 2
685;Mercedes;Benz Clase A;7790;4.5;2011;60000;Diésel;Manual;Badalona
686;Renault;Talisman;17990;2.4;2018;56000;Diésel;Automatica;Hospitalet
687;Peugeot;208;17990;2.0;2020;22577;Gasolina;Manual;Gavá
688;Audi;A8;31490;1.9;2015;146000;Gasolina;Automatica;Granollers
689;Kia;Ceed;16290;2.7;2021;13590;Gasolina;Manual;Sabadell 2
690;Volkswagen;Tiguan;14990;3.1;2014;162895;Diésel;Automatica;Mataró
691;Hyundai;Tucson;16690;5.2;2018;68750;Gasolina;Manual;Sabadell 1
692;Citroen;C3;11490;1.6;2017;49200;Gasolina;Manual;Badalona
693;Mini;Mini;13990;4.7;2015;136800;Diésel;Automatica;Hospitalet
694;Audi;A3;7780;3.7;2011;147000;Diésel;Manual;Sabadell 1
695;Ford;Fiesta;13990;2.4;2020;40700;Gasolina;Manual;Granollers
696;BMW;Serie 2 Gran Tourer;17490;3.5;2017;97570;Diésel;Manual;Granollers
697;Peugeot;308;14990;2.5;2019;27500;Gasolina;Manual;Hospitalet
698;Mitsubishi;ASX;12990;4.0;2015;74000;Diésel;Manual;Hospitalet
699;Abarth;500;12490;3.2;2015;80561;Gasolina;Manual;Gavá
700;Mini;Countryman;11750;1.8;2014;120000;Gasolina;Manual;Sabadell 1
701;BMW;X3;13990;1.6;2011;155044;Diésel;Automatica;Esplugas
702;Audi;A3;13990;3.7;2016;134535;Diésel;Manual;Granollers
703;SEAT;Leon;22790;5.5;2018;82490;Gasolina;Automatica;Sabadell 2
704;Toyota;Auris;14990;2.7;2018;60000;Híbrido;Automatica;Badalona
705;Ford;Fiesta;7490;4.7;2015;146388;Diésel;Manual;Viladecans
706;SEAT;Ibiza;12950;4.6;2018;55548;Gasolina;Manual;Sabadell 1
707;Nissan;X-Trail;17490;4.5;2017;97900;Diésel;Automatica;Granollers
708;Ford;Fiesta;4990;4.1;2011;116300;Gasolina;Manual;Granollers
709;BMW;Serie 3;9990;6.0;2007;145500;Gasolina;Automatica;Granollers
710;Opel;Mokka X;12990;2.6;2017;87000;Gasolina;Manual;Viladecans
711;Peugeot;5008;7490;2.7;2010;107108;Diésel;Manual;Viladecans
712;Mini;Mini;19490;1.4;2017;56819;Diésel;Manual;Esplugas
713;Land;Rover Range Rover Evoque;17990;3.2;2011;118300;Diésel;Automatica;Sabadell 2
714;Nissan;X-Trail;17990;2.3;2017;61000;Diésel;Automatica;Badalona
715;Hyundai;Tucson;14990;2.7;2015;113000;Diésel;Manual;Badalona
716;Toyota;Yaris;13990;5.2;2018;61218;Híbrido;Automatica;Mataró
717;Mazda;Mazda6;14490;5.7;2015;84100;Diésel;Manual;Hospitalet
718;Renault;Grand Scenic;9990;1.9;2015;152710;Diésel;Manual;Sabadell 1
719;Opel;Insignia;6760;2.9;2012;191326;Diésel;Manual;Sabadell 1
720;Audi;A3;12490;5.6;2013;134347;Diésel;Manual;Sabadell 1
721;Citroen;C4 Cactus;8980;1.3;2015;116000;Gasolina;Manual;Sabadell 1
722;Mini;Mini;11990;1.5;2011;124211;Diésel;Manual;Sabadell 1
723;Mini;Countryman;8990;1.3;2011;104000;Diésel;Manual;Sabadell 1
724;Volkswagen;Polo;7990;4.0;2015;129700;Gasolina;Manual;Viladecans
725;Volkswagen;Polo;8990;4.7;2016;145700;Gasolina;Manual;Hospitalet
726;Mercedes;Benz Clase GLC;35990;1.2;2018;103000;Diésel;Automatica;Hospitalet
727;Hyundai;Tucson;19490;4.3;2017;67000;Diésel;Automatica;Mataró
728;Volkswagen;Golf;14490;3.8;2017;61071;Gasolina;Manual;Viladecans
729;Toyota;Prius;15990;4.6;2017;84735;Híbrido;Automatica;Viladecans
730;Hyundai;i30;23960;1.3;2018;68264;Gasolina;Manual;Sabadell 1
731;Ford;Focus;17890;3.1;2019;21287;Gasolina;Manual;Sabadell 1
732;BMW;Serie 1;16540;1.6;2017;75600;Diésel;Automatica;Sabadell 1
733;Skoda;Fabia;6690;4.1;2015;132000;Gasolina;Manual;Sabadell 1
734;Hyundai;i20;11880;5.7;2018;37044;Gasolina;Manual;Sabadell 1
735;Audi;A3;15490;4.3;2016;132252;Diésel;Manual;Granollers
736;Renault;Clio;10520;1.4;2015;75000;Gasolina;Manual;Sabadell 1
737;Kia;Sportage;17280;2.8;2019;70265;Diésel;Manual;Sabadell 1
738;Ford;Focus;6990;3.8;2014;127916;Diésel;Manual;Sabadell 1
739;Mazda;CX-3;16990;3.0;2018;42875;Gasolina;Automatica;Mataró
740;BMW;Serie 1;13490;5.2;2016;124120;Diésel;Manual;Mataró
741;Audi;A3;11990;1.3;2012;125000;Diésel;Manual;Granollers
742;SEAT;Ateca;24980;4.5;2021;4600;Diésel;Manual;Badalona
743;BMW;X1;13940;3.3;2015;130017;Diésel;Manual;Sabadell 1
744;Nissan;JUKE;12960;2.1;2015;83029;Gasolina;Manual;Sabadell 1
745;Ford;Focus;15490;4.1;2019;19200;Gasolina;Manual;Viladecans
746;Dacia;Dokker;8490;2.3;2014;105948;Diésel;Manual;Viladecans
747;Mercedes;Benz Clase CLA;22990;3.9;2015;65985;Diésel;Automatica;Viladecans
748;Mini;Mini;13890;2.8;2017;61842;Gasolina;Manual;Sabadell 1
749;SEAT;Ibiza;15490;5.1;2016;80600;Gasolina;Manual;Mataró
750;SEAT;Leon;11990;5.1;2016;147676;Diésel;Manual;Viladecans
751;SEAT;Leon;10990;3.4;2014;139500;Gasolina;Manual;Viladecans
752;Peugeot;4007;9990;2.8;2012;104793;Diésel;Manual;Viladecans
753;Ssangyong;Tivoli;10690;2.8;2015;55000;Gasolina;Manual;Sabadell 2
754;Fiat;Tipo;7320;5.0;2018;178319;GLP;Manual;Sabadell 1
755;SEAT;Ibiza;12490;2.6;2016;146891;Gasolina;Manual;Granollers
756;Fiat;Tipo;7490;3.8;2018;135541;GLP;Manual;Sabadell 1
757;Hyundai;Tucson;15990;4.6;2015;57000;Gasolina;Manual;Granollers
758;Audi;A3;10990;4.5;2013;118988;Diésel;Manual;Sabadell 1
759;Volkswagen;Polo;7990;4.1;2013;133303;Diésel;Manual;Viladecans
760;Mercedes;Benz Clase E;12130;6.0;2011;135604;Diésel;Manual;Sabadell 1
761;Citroen;C3 Aircross;12990;2.6;2018;63534;Gasolina;Manual;Viladecans
762;Mazda;CX-5;11580;2.7;2014;144100;Diésel;Manual;Sabadell 1
763;Ford;Focus;17990;1.4;2019;64600;Gasolina;Manual;Granollers
764;Fiat;500L;10990;3.2;2017;47804;Gasolina;Manual;Viladecans
765;Audi;A1;10890;2.3;2014;130800;Diésel;Manual;Sabadell 2
766;Alfa;Romeo Giulietta;11790;2.7;2016;90300;Diésel;Automatica;Sabadell 2
767;SEAT;Leon;11990;5.2;2017;93000;Gasolina;Manual;Granollers
768;Peugeot;308;16990;5.7;2019;73266;Gasolina;Manual;Hospitalet
769;Fiat;500X;15490;1.9;2020;4863;Gasolina;Manual;Viladecans
770;Ford;Kuga;13490;2.9;2014;147669;Diésel;Automatica;Hospitalet
771;BMW;Serie 4;32990;5.6;2017;50300;Diésel;Automatica;Granollers
772;Abarth;500;14990;1.3;2016;38820;Gasolina;Automatica;Granollers
773;Ford;Kuga;14990;1.5;2017;46350;Gasolina;Manual;Granollers
774;Volkswagen;Golf;15490;3.4;2010;146000;Gasolina;Automatica;Mataró
775;Peugeot;207;5490;3.0;2007;87450;Gasolina;Manual;Sabadell 2
776;Mercedes;Benz Vito;11490;1.8;2007;60700;Diésel;Manual;Hospitalet
777;Jeep;Wrangler;37990;4.3;2008;142020;Diésel;Automatica;Sabadell 2
778;Volkswagen;Golf;8860;5.9;2009;143843;Diésel;Automatica;Sabadell 1
779;Citroen;C2;4990;3.8;2004;58000;Diésel;Manual;Granollers
780;Volkswagen;Golf;6990;4.6;2008;211296;Gasolina;Manual;Viladecans
781;Renault;Captur;13990;1.3;2018;52590;Gasolina;Manual;Gavá
782;Nissan;Qashqai+2;10990;3.1;2011;147261;Diésel;Manual;Gavá
783;Nissan;Qashqai+2;9990;1.6;2012;127342;Gasolina;Manual;Gavá
784;SEAT;Ibiza;13990;4.1;2018;60257;Gasolina;Manual;Gavá
785;Hyundai;Tucson;15990;5.7;2015;159416;Diésel;Manual;Gavá
786;Ford;Focus;15990;4.3;2018;21404;Gasolina;Manual;Gavá
787;Volkswagen;Golf;13990;1.4;2016;84040;Diésel;Manual;Gavá
788;Kia;Sportage;24990;2.8;2018;65872;Gasolina;Manual;Viladecans
789;Abarth;500;17990;3.8;2019;28830;Gasolina;Manual;Mataró
790;Volkswagen;Tiguan;14990;3.0;2014;162895;Diésel;Automatica;Mataró
791;Dacia;Dokker;14390;5.2;2018;9800;Diésel;Manual;Badalona
;;;;;;;;;
;;;;;;;;;
;;;;;;;;;
;;;;;;;;;
;;;;;;;;;
;;;;;;;;;
;;;;;;;;;
;;;;;;;;;
;;;;;;;;;
;;;;;;;;;
;;;;;;;;;
;;;;;;;;;
;;;;;;;;;
;;;;;;;;;
;;;;;;;;;
;;;;;;;;;
;;;;;;;;;
;;;;;;;;;
;;;;;;;;;
;;;;;;;;;
;;;;;;;;;
;;;;;;;;;
;;;;;;;;;
;;;;;;;;;
;;;;;;;;;
;;;;;;;;;
;;;;;;;;;
;;;;;;;;;
;;;;;;;;;
;;;;;;;;;
;;;;;;;;;
;;;;;;;;;
;;;;;;;;;
;;;;;;;;;
;;;;;;;;;
;;;;;;;;;
;;;;;;;;;
;;;;;;;;;
;;;;;;;;;
;;;;;;;;;
;;;;;;;;;
;;;;;;;;;
;;;;;;;;;
;;;;;;;;;
;;;;;;;;;
;;;;;;;;;
;;;;;;;;;
;;;;;;;;;
;;;;;;;;;
;;;;;;;;;
;;;;;;;;;
;;;;;;;;;
;;;;;;;;;
;;;;;;;;;
;;;;;;;;;
;;;;;;;;;
;;;;;;;;;
;;;;;;;;;
;;;;;;;;;
;;;;;;;;;
;;;;;;;;;
;;;;;;;;;
;;;;;;;;;
;;;;;;;;;
;;;;;;;;;
;;;;;;;;;
;;;;;;;;;
;;;;;;;;;
;;;;;;;;;
;;;;;;;;;
;;;;;;;;;
;;;;;;;;;
;;;;;;;;;
;;;;;;;;;
;;;;;;;;;
;;;;;;;;;
;;;;;;;;;
;;;;;;;;;
;;;;;;;;;
;;;;;;;;;
;;;;;;;;;
;;;;;;;;;
;;;;;;;;;
;;;;;;;;;
;;;;;;;;;
;;;;;;;;;
;;;;;;;;;
;;;;;;;;;
;;;;;;;;;
;;;;;;;;;
;;;;;;;;;
;;;;;;;;;
;;;;;;;;;
;;;;;;;;;
;;;;;;;;;
;;;;;;;;;
;;;;;;;;;
;;;;;;;;;
;;;;;;;;;
;;;;;;;;;
;;;;;;;;;
;;;;;;;;;
;;;;;;;;;
;;;;;;;;;
;;;;;;;;;
;;;;;;;;;
;;;;;;;;;
;;;;;;;;;
;;;;;;;;;
;;;;;;;;;
;;;;;;;;;
;;;;;;;;;
;;;;;;;;;
;;;;;;;;;
;;;;;;;;;
;;;;;;;;;
;;;;;;;;;
;;;;;;;;;
;;;;;;;;;
;;;;;;;;;
;;;;;;;;;
;;;;;;;;;
;;;;;;;;;
;;;;;;;;;
;;;;;;;;;
;;;;;;;;;
;;;;;;;;;
;;;;;;;;;
;;;;;;;;;
;;;;;;;;;
;;;;;;;;;
;;;;;;;;;
;;;;;;;;;
;;;;;;;;;
;;;;;;;;;
;;;;;;;;;
;;;;;;;;;
;;;;;;;;;
;;;;;;;;;
;;;;;;;;;
;;;;;;;;;
;;;;;;;;;
;;;;;;;;;
;;;;;;;;;
;;;;;;;;;
;;;;;;;;;
;;;;;;;;;
;;;;;;;;;
;;;;;;;;;
;;;;;;;;;
;;;;;;;;;
;;;;;;;;;
;;;;;;;;;
;;;;;;;;;
;;;;;;;;;
;;;;;;;;;
;;;;;;;;;
;;;;;;;;;
;;;;;;;;;
;;;;;;;;;
;;;;;;;;;
;;;;;;;;;
;;;;;;;;;
;;;;;;;;;
;;;;;;;;;
;;;;;;;;;
;;;;;;;;;
;;;;;;;;;
;;;;;;;;;
;;;;;;;;;
;;;;;;;;;
;;;;;;;;;
;;;;;;;;;
;;;;;;;;;
;;;;;;;;;
;;;;;;;;;
;;;;;;;;;
;;;;;;;;;
;;;;;;;;;
;;;;;;;;;
;;;;;;;;;
;;;;;;;;;
;;;;;;;;;
;;;;;;;;;
;;;;;;;;;
;;;;;;;;;
;;;;;;;;;
;;;;;;;;;
;;;;;;;;;
;;;;;;;;;
;;;;;;;;;
;;;;;;;;;
;;;;;;;;;
;;;;;;;;;
;;;;;;;;;
;;;;;;;;;
;;;;;;;;;
;;;;;;;;;
;;;;;;;;;
;;;;;;;;;
;;;;;;;;;
;;;;;;;;;
;;;;;;;;;
;;;;;;;;;
;;;;;;;;;
;;;;;;;;;
;;;;;;;;;
;;;;;;;;;
;;;;;;;;;
;;;;;;;;;
;;;;;;;;;
;;;;;;;;;
;;;;;;;;;
;;;;;;;;;
;;;;;;;;;
;;;;;;;;;
;;;;;;;;;
;;;;;;;;;
;;;;;;;;;
;;;;;;;;;
;;;;;;;;;
;;;;;;;;;
;;;;;;;;;
;;;;;;;;;
;;;;;;;;;
;;;;;;;;;
;;;;;;;;;
;;;;;;;;;
;;;;;;;;;
;;;;;;;;;
;;;;;;;;;
;;;;;;;;;
;;;;;;;;;
;;;;;;;;;
;;;;;;;;;
;;;;;;;;;
;;;;;;;;;
;;;;;;;;;
;;;;;;;;;
;;;;;;;;;
;;;;;;;;;
;;;;;;;;;
;;;;;;;;;
;;;;;;;;;
;;;;;;;;;
;;;;;;;;;
;;;;;;;;;
;;;;;;;;;
;;;;;;;;;
;;;;;;;;;
;;;;;;;;;
;;;;;;;;;
;;;;;;;;;
;;;;;;;;;
;;;;;;;;;
;;;;;;;;;
;;;;;;;;;
;;;;;;;;;
;;;;;;;;;
;;;;;;;;;
;;;;;;;;;
;;;;;;;;;
;;;;;;;;;
;;;;;;;;;
;;;;;;;;;
;;;;;;;;;
;;;;;;;;;
;;;;;;;;;
;;;;;;;;;
;;;;;;;;;
;;;;;;;;;
;;;;;;;;;
;;;;;;;;;
;;;;;;;;;
;;;;;;;;;
;;;;;;;;;
;;;;;;;;;
;;;;;;;;;
;;;;;;;;;
;;;;;;;;;
;;;;;;;;;
;;;;;;;;;
;;;;;;;;;
;;;;;;;;;
;;;;;;;;;
;;;;;;;;;
;;;;;;;;;
;;;;;;;;;
;;;;;;;;;
;;;;;;;;;
;;;;;;;;;
;;;;;;;;;
;;;;;;;;;
;;;;;;;;;
;;;;;;;;;
;;;;;;;;;
;;;;;;;;;
;;;;;;;;;
;;;;;;;;;
;;;;;;;;;
;;;;;;;;;
;;;;;;;;;
;;;;;;;;;
;;;;;;;;;
;;;;;;;;;
;;;;;;;;;
;;;;;;;;;
;;;;;;;;;
;;;;;;;;;
;;;;;;;;;
;;;;;;;;;
;;;;;;;;;
;;;;;;;;;
;;;;;;;;;
;;;;;;;;;
;;;;;;;;;
;;;;;;;;;
;;;;;;;;;
;;;;;;;;;
;;;;;;;;;
;;;;;;;;;
;;;;;;;;;
;;;;;;;;;
;;;;;;;;;
;;;;;;;;;
;;;;;;;;;
;;;;;;;;;
;;;;;;;;;
;;;;;;;;;
;;;;;;;;;
;;;;;;;;;
;;;;;;;;;
;;;;;;;;;
;;;;;;;;;
;;;;;;;;;
;;;;;;;;;
;;;;;;;;;
;;;;;;;;;
;;;;;;;;;
;;;;;;;;;
;;;;;;;;;
;;;;;;;;;
;;;;;;;;;
;;;;;;;;;
;;;;;;;;;
;;;;;;;;;
;;;;;;;;;
;;;;;;;;;
;;;;;;;;;
;;;;;;;;;
;;;;;;;;;
;;;;;;;;;
;;;;;;;;;
;;;;;;;;;
;;;;;;;;;
;;;;;;;;;
;;;;;;;;;
;;;;;;;;;
;;;;;;;;;
;;;;;;;;;
;;;;;;;;;
;;;;;;;;;
;;;;;;;;;
;;;;;;;;;
;;;;;;;;;
;;;;;;;;;
;;;;;;;;;
;;;;;;;;;
;;;;;;;;;
;;;;;;;;;
;;;;;;;;;
;;;;;;;;;
;;;;;;;;;
;;;;;;;;;
;;;;;;;;;
;;;;;;;;;
;;;;;;;;;
;;;;;;;;;
;;;;;;;;;
;;;;;;;;;
;;;;;;;;;
;;;;;;;;;
;;;;;;;;;
;;;;;;;;;
;;;;;;;;;
;;;;;;;;;
;;;;;;;;;
;;;;;;;;;
;;;;;;;;;
;;;;;;;;;
;;;;;;;;;
;;;;;;;;;
;;;;;;;;;
;;;;;;;;;
;;;;;;;;;
;;;;;;;;;
;;;;;;;;;
;;;;;;;;;
;;;;;;;;;
;;;;;;;;;
;;;;;;;;;
;;;;;;;;;
;;;;;;;;;
;;;;;;;;;
;;;;;;;;;
;;;;;;;;;
;;;;;;;;;
;;;;;;;;;
;;;;;;;;;
;;;;;;;;;
;;;;;;;;;
;;;;;;;;;
;;;;;;;;;
;;;;;;;;;
;;;;;;;;;
;;;;;;;;;
;;;;;;;;;
;;;;;;;;;
;;;;;;;;;
;;;;;;;;;
;;;;;;;;;
;;;;;;;;;
;;;;;;;;;
;;;;;;;;;
;;;;;;;;;
;;;;;;;;;
;;;;;;;;;
;;;;;;;;;
;;;;;;;;;
;;;;;;;;;
;;;;;;;;;
;;;;;;;;;
;;;;;;;;;
;;;;;;;;;
;;;;;;;;;
;;;;;;;;;
;;;;;;;;;
;;;;;;;;;
;;;;;;;;;
;;;;;;;;;
;;;;;;;;;
;;;;;;;;;
;;;;;;;;;
;;;;;;;;;
;;;;;;;;;
;;;;;;;;;
;;;;;;;;;
;;;;;;;;;
;;;;;;;;;
;;;;;;;;;
;;;;;;;;;
;;;;;;;;;
;;;;;;;;;
;;;;;;;;;
;;;;;;;;;
;;;;;;;;;
;;;;;;;;;
;;;;;;;;;
;;;;;;;;;
;;;;;;;;;
;;;;;;;;;
;;;;;;;;;
;;;;;;;;;
;;;;;;;;;
;;;;;;;;;
;;;;;;;;;
;;;;;;;;;
;;;;;;;;;
;;;;;;;;;
;;;;;;;;;
;;;;;;;;;
;;;;;;;;;
;;;;;;;;;
;;;;;;;;;
;;;;;;;;;
;;;;;;;;;
;;;;;;;;;
;;;;;;;;;
;;;;;;;;;
;;;;;;;;;
;;;;;;;;;
;;;;;;;;;
;;;;;;;;;
;;;;;;;;;
;;;;;;;;;
;;;;;;;;;
;;;;;;;;;
;;;;;;;;;
;;;;;;;;;
;;;;;;;;;
;;;;;;;;;
;;;;;;;;;
;;;;;;;;;
;;;;;;;;;
;;;;;;;;;
;;;;;;;;;
;;;;;;;;;
;;;;;;;;;
;;;;;;;;;
;;;;;;;;;
;;;;;;;;;
;;;;;;;;;
;;;;;;;;;
;;;;;;;;;
;;;;;;;;;
;;;;;;;;;
;;;;;;;;;
;;;;;;;;;
;;;;;;;;;
;;;;;;;;;
;;;;;;;;;
;;;;;;;;;
;;;;;;;;;
;;;;;;;;;
;;;;;;;;;
;;;;;;;;;
;;;;;;;;;
;;;;;;;;;
;;;;;;;;;
;;;;;;;;;
;;;;;;;;;
;;;;;;;;;
;;;;;;;;;
;;;;;;;;;
;;;;;;;;;
;;;;;;;;;
;;;;;;;;;
;;;;;;;;;
;;;;;;;;;
;;;;;;;;;
;;;;;;;;;
;;;;;;;;;
;;;;;;;;;
;;;;;;;;;
;;;;;;;;;
;;;;;;;;;
;;;;;;;;;
;;;;;;;;;
;;;;;;;;;
;;;;;;;;;
;;;;;;;;;
;;;;;;;;;
;;;;;;;;;
;;;;;;;;;
;;;;;;;;;
;;;;;;;;;
;;;;;;;;;
;;;;;;;;;
;;;;;;;;;
;;;;;;;;;
;;;;;;;;;
;;;;;;;;;
;;;;;;;;;
;;;;;;;;;
;;;;;;;;;
;;;;;;;;;
;;;;;;;;;
;;;;;;;;;
;;;;;;;;;
;;;;;;;;;
;;;;;;;;;
;;;;;;;;;
;;;;;;;;;
;;;;;;;;;
;;;;;;;;;
;;;;;;;;;
;;;;;;;;;
;;;;;;;;;
;;;;;;;;;
;;;;;;;;;
;;;;;;;;;
;;;;;;;;;
;;;;;;;;;
;;;;;;;;;
;;;;;;;;;
;;;;;;;;;
;;;;;;;;;
;;;;;;;;;
;;;;;;;;;
;;;;;;;;;
;;;;;;;;;
;;;;;;;;;
;;;;;;;;;
;;;;;;;;;
;;;;;;;;;
;;;;;;;;;
;;;;;;;;;
;;;;;;;;;
;;;;;;;;;
;;;;;;;;;
;;;;;;;;;
;;;;;;;;;
;;;;;;;;;
;;;;;;;;;
;;;;;;;;;
;;;;;;;;;
;;;;;;;;;
;;;;;;;;;
;;;;;;;;;
;;;;;;;;;
;;;;;;;;;
;;;;;;;;;
;;;;;;;;;
;;;;;;;;;
;;;;;;;;;
;;;;;;;;;
;;;;;;;;;
;;;;;;;;;
;;;;;;;;;
;;;;;;;;;
;;;;;;;;;
;;;;;;;;;
;;;;;;;;;
;;;;;;;;;
;;;;;;;;;
;;;;;;;;;
;;;;;;;;;
;;;;;;;;;
;;;;;;;;;
;;;;;;;;;
;;;;;;;;;
;;;;;;;;;
;;;;;;;;;
;;;;;;;;;
;;;;;;;;;
;;;;;;;;;
;;;;;;;;;
;;;;;;;;;
;;;;;;;;;
;;;;;;;;;
;;;;;;;;;
;;;;;;;;;
;;;;;;;;;
;;;;;;;;;
;;;;;;;;;
;;;;;;;;;
;;;;;;;;;
;;;;;;;;;
;;;;;;;;;
;;;;;;;;;
;;;;;;;;;
;;;;;;;;;
;;;;;;;;;
;;;;;;;;;
;;;;;;;;;
;;;;;;;;;
;;;;;;;;;
;;;;;;;;;
;;;;;;;;;
;;;;;;;;;
;;;;;;;;;
;;;;;;;;;
;;;;;;;;;
;;;;;;;;;
;;;;;;;;;
;;;;;;;;;
;;;;;;;;;
;;;;;;;;;
;;;;;;;;;
;;;;;;;;;
;;;;;;;;;
;;;;;;;;;
;;;;;;;;;
;;;;;;;;;
;;;;;;;;;
;;;;;;;;;
;;;;;;;;;
;;;;;;;;;
;;;;;;;;;
;;;;;;;;;
;;;;;;;;;
;;;;;;;;;
;;;;;;;;;
;;;;;;;;;
;;;;;;;;;
;;;;;;;;;
;;;;;;;;;
;;;;;;;;;
;;;;;;;;;
;;;;;;;;;
;;;;;;;;;
;;;;;;;;;
;;;;;;;;;
;;;;;;;;;
;;;;;;;;;
;;;;;;;;;
;;;;;;;;;
;;;;;;;;;
;;;;;;;;;
;;;;;;;;;
;;;;;;;;;
;;;;;;;;;
;;;;;;;;;
;;;;;;;;;
;;;;;;;;;
;;;;;;;;;
;;;;;;;;;
;;;;;;;;;
;;;;;;;;;
;;;;;;;;;
;;;;;;;;;
;;;;;;;;;
;;;;;;;;;
;;;;;;;;;
;;;;;;;;;
;;;;;;;;;
;;;;;;;;;
;;;;;;;;;
;;;;;;;;;
;;;;;;;;;
;;;;;;;;;
;;;;;;;;;
;;;;;;;;;
;;;;;;;;;
;;;;;;;;;
;;;;;;;;;
;;;;;;;;;
;;;;;;;;;
;;;;;;;;;
;;;;;;;;;
;;;;;;;;;
;;;;;;;;;
;;;;;;;;;
;;;;;;;;;
;;;;;;;;;
;;;;;;;;;
;;;;;;;;;
;;;;;;;;;
;;;;;;;;;
;;;;;;;;;
;;;;;;;;;
;;;;;;;;;
;;;;;;;;;
;;;;;;;;;
;;;;;;;;;
;;;;;;;;;
;;;;;;;;;
;;;;;;;;;
;;;;;;;;;
;;;;;;;;;
;;;;;;;;;
;;;;;;;;;
;;;;;;;;;
;;;;;;;;;
;;;;;;;;;
;;;;;;;;;
;;;;;;;;;
;;;;;;;;;
;;;;;;;;;
;;;;;;;;;
;;;;;;;;;
;;;;;;;;;
;;;;;;;;;
;;;;;;;;;
;;;;;;;;;
;;;;;;;;;
;;;;;;;;;
;;;;;;;;;
;;;;;;;;;
;;;;;;;;;
;;;;;;;;;
;;;;;;;;;
;;;;;;;;;
;;;;;;;;;
;;;;;;;;;
;;;;;;;;;
;;;;;;;;;
;;;;;;;;;
;;;;;;;;;
;;;;;;;;;
;;;;;;;;;
;;;;;;;;;
;;;;;;;;;
;;;;;;;;;
;;;;;;;;;
;;;;;;;;;
;;;;;;;;;
;;;;;;;;;
;;;;;;;;;
;;;;;;;;;
;;;;;;;;;
;;;;;;;;;
;;;;;;;;;
;;;;;;;;;
;;;;;;;;;
;;;;;;;;;
;;;;;;;;;
;;;;;;;;;
;;;;;;;;;
;;;;;;;;;
;;;;;;;;;
;;;;;;;;;
;;;;;;;;;
;;;;;;;;;
;;;;;;;;;
;;;;;;;;;
;;;;;;;;;
;;;;;;;;;
;;;;;;;;;
;;;;;;;;;
;;;;;;;;;
;;;;;;;;;
;;;;;;;;;
;;;;;;;;;
;;;;;;;;;
;;;;;;;;;
;;;;;;;;;
;;;;;;;;;
;;;;;;;;;
;;;;;;;;;
;;;;;;;;;
;;;;;;;;;
;;;;;;;;;
;;;;;;;;;
;;;;;;;;;
;;;;;;;;;
;;;;;;;;;
;;;;;;;;;
;;;;;;;;;
;;;;;;;;;
;;;;;;;;;
;;;;;;;;;
;;;;;;;;;
;;;;;;;;;
;;;;;;;;;
;;;;;;;;;
;;;;;;;;;
;;;;;;;;;
;;;;;;;;;
;;;;;;;;;
;;;;;;;;;
;;;;;;;;;
;;;;;;;;;
;;;;;;;;;
;;;;;;;;;
;;;;;;;;;
;;;;;;;;;
;;;;;;;;;
;;;;;;;;;
;;;;;;;;;
;;;;;;;;;
;;;;;;;;;
;;;;;;;;;
;;;;;;;;;
;;;;;;;;;
;;;;;;;;;
;;;;;;;;;
;;;;;;;;;
;;;;;;;;;
;;;;;;;;;
;;;;;;;;;
;;;;;;;;;
;;;;;;;;;
;;;;;;;;;
;;;;;;;;;
;;;;;;;;;
;;;;;;;;;
;;;;;;;;;
;;;;;;;;;
;;;;;;;;;
;;;;;;;;;
;;;;;;;;;
;;;;;;;;;
;;;;;;;;;
;;;;;;;;;
;;;;;;;;;
;;;;;;;;;
;;;;;;;;;
;;;;;;;;;
;;;;;;;;;
;;;;;;;;;
;;;;;;;;;
;;;;;;;;;
;;;;;;;;;
;;;;;;;;;
;;;;;;;;;
;;;;;;;;;
;;;;;;;;;
;;;;;;;;;
;;;;;;;;;
;;;;;;;;;
;;;;;;;;;
;;;;;;;;;
;;;;;;;;;
;;;;;;;;;
;;;;;;;;;
;;;;;;;;;
;;;;;;;;;
;;;;;;;;;
;;;;;;;;;
;;;;;;;;;
;;;;;;;;;
;;;;;;;;;
;;;;;;;;;
;;;;;;;;;
;;;;;;;;;
;;;;;;;;;
;;;;;;;;;
;;;;;;;;;
;;;;;;;;;
;;;;;;;;;
;;;;;;;;;
;;;;;;;;;
;;;;;;;;;
;;;;;;;;;
;;;;;;;;;
;;;;;;;;;
;;;;;;;;;
;;;;;;;;;
;;;;;;;;;
;;;;;;;;;
;;;;;;;;;
;;;;;;;;;
;;;;;;;;;
;;;;;;;;;
;;;;;;;;;
;;;;;;;;;
;;;;;;;;;
;;;;;;;;;
;;;;;;;;;
;;;;;;;;;
;;;;;;;;;
;;;;;;;;;
;;;;;;;;;
;;;;;;;;;
;;;;;;;;;
;;;;;;;;;
;;;;;;;;;
;;;;;;;;;
;;;;;;;;;
;;;;;;;;;
;;;;;;;;;
;;;;;;;;;
;;;;;;;;;
;;;;;;;;;
;;;;;;;;;
;;;;;;;;;
;;;;;;;;;
;;;;;;;;;
;;;;;;;;;
;;;;;;;;;
;;;;;;;;;
;;;;;;;;;
;;;;;;;;;
;;;;;;;;;
;;;;;;;;;
;;;;;;;;;
;;;;;;;;;
;;;;;;;;;
;;;;;;;;;
;;;;;;;;;
;;;;;;;;;
;;;;;;;;;
;;;;;;;;;
;;;;;;;;;
;;;;;;;;;
;;;;;;;;;
;;;;;;;;;
;;;;;;;;;
;;;;;;;;;
;;;;;;;;;
;;;;;;;;;
;;;;;;;;;
;;;;;;;;;
;;;;;;;;;
;;;;;;;;;
;;;;;;;;;
;;;;;;;;;
;;;;;;;;;
;;;;;;;;;
;;;;;;;;;
;;;;;;;;;
;;;;;;;;;
;;;;;;;;;
;;;;;;;;;
;;;;;;;;;
;;;;;;;;;
;;;;;;;;;
;;;;;;;;;
;;;;;;;;;
;;;;;;;;;
;;;;;;;;;
;;;;;;;;;
;;;;;;;;;
;;;;;;;;;
;;;;;;;;;
;;;;;;;;;
;;;;;;;;;
;;;;;;;;;
;;;;;;;;;
;;;;;;;;;
;;;;;;;;;
;;;;;;;;;
;;;;;;;;;
;;;;;;;;;
;;;;;;;;;
;;;;;;;;;
;;;;;;;;;
;;;;;;;;;
;;;;;;;;;
;;;;;;;;;
;;;;;;;;;
;;;;;;;;;
;;;;;;;;;
;;;;;;;;;
;;;;;;;;;
;;;;;;;;;
;;;;;;;;;
;;;;;;;;;
;;;;;;;;;
;;;;;;;;;
;;;;;;;;;
;;;;;;;;;
;;;;;;;;;
;;;;;;;;;
;;;;;;;;;
;;;;;;;;;
;;;;;;;;;
;;;;;;;;;
;;;;;;;;;
;;;;;;;;;
;;;;;;;;;
;;;;;;;;;
;;;;;;;;;
;;;;;;;;;
;;;;;;;;;
;;;;;;;;;
;;;;;;;;;
;;;;;;;;;
;;;;;;;;;
;;;;;;;;;
;;;;;;;;;
;;;;;;;;;
;;;;;;;;;
;;;;;;;;;
;;;;;;;;;
;;;;;;;;;
;;;;;;;;;
;;;;;;;;;
;;;;;;;;;
;;;;;;;;;
;;;;;;;;;
;;;;;;;;;
;;;;;;;;;
;;;;;;;;;
;;;;;;;;;
;;;;;;;;;
;;;;;;;;;
;;;;;;;;;
;;;;;;;;;
;;;;;;;;;
;;;;;;;;;
;;;;;;;;;
;;;;;;;;;
;;;;;;;;;
;;;;;;;;;
;;;;;;;;;
;;;;;;;;;
;;;;;;;;;
;;;;;;;;;
;;;;;;;;;
;;;;;;;;;
;;;;;;;;;
;;;;;;;;;
;;;;;;;;;
;;;;;;;;;
;;;;;;;;;
;;;;;;;;;
;;;;;;;;;
;;;;;;;;;
;;;;;;;;;
;;;;;;;;;
;;;;;;;;;
;;;;;;;;;
;;;;;;;;;
;;;;;;;;;
;;;;;;;;;
;;;;;;;;;
;;;;;;;;;
;;;;;;;;;
;;;;;;;;;
;;;;;;;;;
;;;;;;;;;
;;;;;;;;;
;;;;;;;;;
;;;;;;;;;
;;;;;;;;;
;;;;;;;;;
;;;;;;;;;
;;;;;;;;;
;;;;;;;;;
;;;;;;;;;
;;;;;;;;;
;;;;;;;;;
;;;;;;;;;
;;;;;;;;;
;;;;;;;;;
;;;;;;;;;
;;;;;;;;;
;;;;;;;;;
;;;;;;;;;
;;;;;;;;;
;;;;;;;;;
;;;;;;;;;
;;;;;;;;;
;;;;;;;;;
;;;;;;;;;
;;;;;;;;;
;;;;;;;;;
;;;;;;;;;
;;;;;;;;;
;;;;;;;;;
;;;;;;;;;
;;;;;;;;;
;;;;;;;;;
;;;;;;;;;
;;;;;;;;;
;;;;;;;;;
;;;;;;;;;
;;;;;;;;;
;;;;;;;;;
;;;;;;;;;
;;;;;;;;;
;;;;;;;;;
;;;;;;;;;
;;;;;;;;;
;;;;;;;;;
;;;;;;;;;
;;;;;;;;;
;;;;;;;;;
;;;;;;;;;
;;;;;;;;;
;;;;;;;;;
;;;;;;;;;
;;;;;;;;;
;;;;;;;;;
;;;;;;;;;
;;;;;;;;;
;;;;;;;;;
;;;;;;;;;
;;;;;;;;;
;;;;;;;;;
;;;;;;;;;
;;;;;;;;;
;;;;;;;;;
;;;;;;;;;
;;;;;;;;;
;;;;;;;;;
;;;;;;;;;
;;;;;;;;;
;;;;;;;;;
;;;;;;;;;
;;;;;;;;;
;;;;;;;;;
;;;;;;;;;
;;;;;;;;;
;;;;;;;;;
;;;;;;;;;
;;;;;;;;;
;;;;;;;;;
;;;;;;;;;
;;;;;;;;;
;;;;;;;;;
;;;;;;;;;
;;;;;;;;;
;;;;;;;;;
;;;;;;;;;
;;;;;;;;;
;;;;;;;;;
;;;;;;;;;
;;;;;;;;;
;;;;;;;;;
;;;;;;;;;
;;;;;;;;;
;;;;;;;;;
;;;;;;;;;
;;;;;;;;;
;;;;;;;;;
;;;;;;;;;
;;;;;;;;;
;;;;;;;;;
;;;;;;;;;
;;;;;;;;;
;;;;;;;;;
;;;;;;;;;
;;;;;;;;;
;;;;;;;;;
;;;;;;;;;
;;;;;;;;;
;;;;;;;;;
;;;;;;;;;
;;;;;;;;;
;;;;;;;;;
;;;;;;;;;
;;;;;;;;;
;;;;;;;;;
;;;;;;;;;
;;;;;;;;;
;;;;;;;;;
;;;;;;;;;
;;;;;;;;;
;;;;;;;;;
;;;;;;;;;
;;;;;;;;;
;;;;;;;;;
;;;;;;;;;
;;;;;;;;;
;;;;;;;;;
;;;;;;;;;
;;;;;;;;;
;;;;;;;;;
;;;;;;;;;
;;;;;;;;;
;;;;;;;;;
;;;;;;;;;
;;;;;;;;;
;;;;;;;;;
;;;;;;;;;
;;;;;;;;;
;;;;;;;;;
;;;;;;;;;
;;;;;;;;;
;;;;;;;;;
;;;;;;;;;
;;;;;;;;;
;;;;;;;;;
;;;;;;;;;
;;;;;;;;;
;;;;;;;;;
;;;;;;;;;
;;;;;;;;;
;;;;;;;;;
;;;;;;;;;
;;;;;;;;;
;;;;;;;;;
;;;;;;;;;
;;;;;;;;;
;;;;;;;;;
;;;;;;;;;
;;;;;;;;;
;;;;;;;;;
;;;;;;;;;
;;;;;;;;;
;;;;;;;;;
;;;;;;;;;
;;;;;;;;;
;;;;;;;;;
;;;;;;;;;
;;;;;;;;;
;;;;;;;;;
;;;;;;;;;
;;;;;;;;;
;;;;;;;;;
;;;;;;;;;
;;;;;;;;;
;;;;;;;;;
;;;;;;;;;
;;;;;;;;;
;;;;;;;;;
;;;;;;;;;
;;;;;;;;;
;;;;;;;;;
;;;;;;;;;
;;;;;;;;;
;;;;;;;;;
;;;;;;;;;
;;;;;;;;;
;;;;;;;;;
;;;;;;;;;
;;;;;;;;;
;;;;;;;;;
;;;;;;;;;
;;;;;;;;;
;;;;;;;;;
;;;;;;;;;
;;;;;;;;;
;;;;;;;;;
;;;;;;;;;
;;;;;;;;;
;;;;;;;;;
;;;;;;;;;
;;;;;;;;;
;;;;;;;;;
;;;;;;;;;
;;;;;;;;;
;;;;;;;;;
;;;;;;;;;
;;;;;;;;;
;;;;;;;;;
;;;;;;;;;
;;;;;;;;;
;;;;;;;;;
;;;;;;;;;
;;;;;;;;;
;;;;;;;;;
;;;;;;;;;
;;;;;;;;;
;;;;;;;;;
;;;;;;;;;
;;;;;;;;;
;;;;;;;;;
;;;;;;;;;
;;;;;;;;;
;;;;;;;;;
;;;;;;;;;
;;;;;;;;;
;;;;;;;;;
;;;;;;;;;
;;;;;;;;;
;;;;;;;;;
;;;;;;;;;
;;;;;;;;;
;;;;;;;;;
;;;;;;;;;
;;;;;;;;;
;;;;;;;;;
;;;;;;;;;
;;;;;;;;;
;;;;;;;;;
;;;;;;;;;
;;;;;;;;;
;;;;;;;;;
;;;;;;;;;
;;;;;;;;;
;;;;;;;;;
;;;;;;;;;
;;;;;;;;;
;;;;;;;;;
;;;;;;;;;
;;;;;;;;;
;;;;;;;;;
;;;;;;;;;
;;;;;;;;;
;;;;;;;;;
;;;;;;;;;
;;;;;;;;;
;;;;;;;;;
;;;;;;;;;
;;;;;;;;;
;;;;;;;;;
;;;;;;;;;
;;;;;;;;;
;;;;;;;;;
;;;;;;;;;
;;;;;;;;;
;;;;;;;;;
;;;;;;;;;
;;;;;;;;;
;;;;;;;;;
;;;;;;;;;
;;;;;;;;;
;;;;;;;;;
;;;;;;;;;
;;;;;;;;;
;;;;;;;;;
;;;;;;;;;
;;;;;;;;;
;;;;;;;;;
;;;;;;;;;
;;;;;;;;;
;;;;;;;;;
;;;;;;;;;
;;;;;;;;;
;;;;;;;;;
;;;;;;;;;
;;;;;;;;;
;;;;;;;;;
;;;;;;;;;
;;;;;;;;;
;;;;;;;;;
;;;;;;;;;
;;;;;;;;;
;;;;;;;;;
;;;;;;;;;
;;;;;;;;;
;;;;;;;;;
;;;;;;;;;
;;;;;;;;;
;;;;;;;;;
;;;;;;;;;
;;;;;;;;;
;;;;;;;;;
;;;;;;;;;
;;;;;;;;;
;;;;;;;;;
;;;;;;;;;
;;;;;;;;;
;;;;;;;;;
;;;;;;;;;
;;;;;;;;;
;;;;;;;;;
;;;;;;;;;
;;;;;;;;;
;;;;;;;;;
;;;;;;;;;
;;;;;;;;;
;;;;;;;;;
;;;;;;;;;
;;;;;;;;;
;;;;;;;;;
;;;;;;;;;
;;;;;;;;;
;;;;;;;;;
;;;;;;;;;
;;;;;;;;;
;;;;;;;;;
;;;;;;;;;
;;;;;;;;;
;;;;;;;;;
;;;;;;;;;
;;;;;;;;;
;;;;;;;;;
;;;;;;;;;
;;;;;;;;;
;;;;;;;;;
;;;;;;;;;
;;;;;;;;;
;;;;;;;;;
;;;;;;;;;
;;;;;;;;;
;;;;;;;;;
;;;;;;;;;
;;;;;;;;;
;;;;;;;;;
;;;;;;;;;
;;;;;;;;;
;;;;;;;;;
;;;;;;;;;
;;;;;;;;;
;;;;;;;;;
;;;;;;;;;
;;;;;;;;;
;;;;;;;;;
;;;;;;;;;
;;;;;;;;;
;;;;;;;;;
;;;;;;;;;
;;;;;;;;;
;;;;;;;;;
;;;;;;;;;
;;;;;;;;;
;;;;;;;;;
;;;;;;;;;
;;;;;;;;;
;;;;;;;;;
;;;;;;;;;
;;;;;;;;;
;;;;;;;;;
;;;;;;;;;
;;;;;;;;;
;;;;;;;;;
;;;;;;;;;
;;;;;;;;;
;;;;;;;;;
;;;;;;;;;
;;;;;;;;;
;;;;;;;;;
;;;;;;;;;
;;;;;;;;;
;;;;;;;;;
;;;;;;;;;
;;;;;;;;;
;;;;;;;;;
;;;;;;;;;
;;;;;;;;;
;;;;;;;;;
;;;;;;;;;
;;;;;;;;;
;;;;;;;;;
;;;;;;;;;
;;;;;;;;;
;;;;;;;;;
;;;;;;;;;
;;;;;;;;;
;;;;;;;;;
;;;;;;;;;
;;;;;;;;;
;;;;;;;;;
;;;;;;;;;
;;;;;;;;;
;;;;;;;;;
;;;;;;;;;
;;;;;;;;;
;;;;;;;;;
;;;;;;;;;
;;;;;;;;;
;;;;;;;;;
;;;;;;;;;
;;;;;;;;;
;;;;;;;;;
;;;;;;;;;
;;;;;;;;;
;;;;;;;;;
;;;;;;;;;
;;;;;;;;;
;;;;;;;;;
;;;;;;;;;
;;;;;;;;;
;;;;;;;;;
;;;;;;;;;
;;;;;;;;;
;;;;;;;;;
;;;;;;;;;
;;;;;;;;;
;;;;;;;;;
;;;;;;;;;
;;;;;;;;;
;;;;;;;;;
;;;;;;;;;
;;;;;;;;;
;;;;;;;;;
;;;;;;;;;
;;;;;;;;;
;;;;;;;;;
;;;;;;;;;
;;;;;;;;;
;;;;;;;;;
;;;;;;;;;
;;;;;;;;;
;;;;;;;;;
;;;;;;;;;
;;;;;;;;;
;;;;;;;;;
;;;;;;;;;
;;;;;;;;;
;;;;;;;;;
;;;;;;;;;
;;;;;;;;;
;;;;;;;;;
;;;;;;;;;
;;;;;;;;;
;;;;;;;;;
;;;;;;;;;
;;;;;;;;;
;;;;;;;;;
;;;;;;;;;
;;;;;;;;;
;;;;;;;;;
;;;;;;;;;
;;;;;;;;;
;;;;;;;;;
;;;;;;;;;
;;;;;;;;;
;;;;;;;;;
;;;;;;;;;
;;;;;;;;;
;;;;;;;;;
;;;;;;;;;
;;;;;;;;;
;;;;;;;;;
;;;;;;;;;
;;;;;;;;;
;;;;;;;;;
;;;;;;;;;
;;;;;;;;;
;;;;;;;;;
;;;;;;;;;
;;;;;;;;;
;;;;;;;;;
;;;;;;;;;
;;;;;;;;;
;;;;;;;;;
;;;;;;;;;
;;;;;;;;;
;;;;;;;;;
;;;;;;;;;
;;;;;;;;;
;;;;;;;;;
;;;;;;;;;
;;;;;;;;;
;;;;;;;;;
;;;;;;;;;
;;;;;;;;;
;;;;;;;;;
;;;;;;;;;
;;;;;;;;;
;;;;;;;;;
;;;;;;;;;
;;;;;;;;;
;;;;;;;;;
;;;;;;;;;
;;;;;;;;;
;;;;;;;;;
;;;;;;;;;
;;;;;;;;;
;;;;;;;;;
;;;;;;;;;
;;;;;;;;;
;;;;;;;;;
;;;;;;;;;
;;;;;;;;;
;;;;;;;;;
;;;;;;;;;
;;;;;;;;;
;;;;;;;;;
;;;;;;;;;
;;;;;;;;;
;;;;;;;;;
;;;;;;;;;
;;;;;;;;;
;;;;;;;;;
;;;;;;;;;
;;;;;;;;;
;;;;;;;;;
;;;;;;;;;
;;;;;;;;;
;;;;;;;;;
;;;;;;;;;
;;;;;;;;;
;;;;;;;;;
;;;;;;;;;
;;;;;;;;;
;;;;;;;;;
;;;;;;;;;
;;;;;;;;;
;;;;;;;;;
;;;;;;;;;
;;;;;;;;;
;;;;;;;;;
;;;;;;;;;
;;;;;;;;;
;;;;;;;;;
;;;;;;;;;
;;;;;;;;;
;;;;;;;;;
;;;;;;;;;
;;;;;;;;;
;;;;;;;;;
;;;;;;;;;
;;;;;;;;;
;;;;;;;;;
;;;;;;;;;
;;;;;;;;;
;;;;;;;;;
;;;;;;;;;
;;;;;;;;;
;;;;;;;;;
;;;;;;;;;
;;;;;;;;;
;;;;;;;;;
;;;;;;;;;
;;;;;;;;;
;;;;;;;;;
;;;;;;;;;
;;;;;;;;;
;;;;;;;;;
;;;;;;;;;
;;;;;;;;;
;;;;;;;;;
;;;;;;;;;
;;;;;;;;;
;;;;;;;;;
;;;;;;;;;
;;;;;;;;;
;;;;;;;;;
;;;;;;;;;
;;;;;;;;;
;;;;;;;;;
;;;;;;;;;
;;;;;;;;;
;;;;;;;;;
;;;;;;;;;
;;;;;;;;;
;;;;;;;;;
;;;;;;;;;
;;;;;;;;;
;;;;;;;;;
;;;;;;;;;
;;;;;;;;;
;;;;;;;;;
;;;;;;;;;
;;;;;;;;;
;;;;;;;;;
;;;;;;;;;
;;;;;;;;;
;;;;;;;;;
;;;;;;;;;
;;;;;;;;;
;;;;;;;;;
;;;;;;;;;
;;;;;;;;;
;;;;;;;;;
;;;;;;;;;
;;;;;;;;;
;;;;;;;;;
;;;;;;;;;
;;;;;;;;;
;;;;;;;;;
;;;;;;;;;
;;;;;;;;;
;;;;;;;;;
;;;;;;;;;
;;;;;;;;;
;;;;;;;;;
;;;;;;;;;
;;;;;;;;;
;;;;;;;;;
;;;;;;;;;
;;;;;;;;;
;;;;;;;;;
;;;;;;;;;
;;;;;;;;;
;;;;;;;;;
;;;;;;;;;
;;;;;;;;;
;;;;;;;;;
;;;;;;;;;
;;;;;;;;;